{
	id: "org.datagear.chart.gauge.step",
	nameLabel: { value: "阶段仪表盘", localeValues: { "en": "Step gauge" } },
	icons: "icon.png",
	dataSigns:
	[
		{
			name: "value",
			nameLabel: { value: "数值", localeValues: { "en": "Value" } },
			descLabel:
			{
				value: "指标值，可标记多列，每一单元格都绘制为一个指标值",
				localeValues: { "en": "Value, can sign multiple columns" }
			},
			required: true,
			multiple: true
		},
		{
			name: "min",
			nameLabel: { value: "最小值", localeValues: { "en": "Min" } },
			descLabel:
			{
				value: "可选标记，最小值，默认为：0",
				localeValues: { "en": "Optional, min value, default is: 0" }
			},
			required: false,
			multiple: false
		},
		{
			name: "max",
			nameLabel: { value: "最大值", localeValues: { "en": "Max" } },
			descLabel:
			{
				value: "可选标记，最大值，默认为：100",
				localeValues: { "en": "Optional, max value, default is: 100" }
			},
			required: false,
			multiple: false
		}
	],
	version: "3.2.0",
	order: 410,
	category: "gauge",
	chartRenderer:
	{
		render : function(chart)
		{
			var options = {dg: {gaugeType: "step"}};
			chartFactory.chartSupport.gaugeRender(chart, options);
		},
		update : function(chart, results)
		{
			chartFactory.chartSupport.gaugeUpdate(chart, results);
		},
		resize: function(chart)
		{
			chartFactory.chartSupport.gaugeResize(chart);
		},
		destroy: function(chart)
		{
			chartFactory.chartSupport.gaugeDestroy(chart);
		},
		on: function(chart, eventType, handler)
		{
			chartFactory.chartSupport.gaugeOn(chart, eventType, handler);
		},
		off: function(chart, eventType, handler)
		{
			chartFactory.chartSupport.gaugeOff(chart, eventType, handler);
		}
	}
}