{
	id: "org.datagear.chart.form.select",
	nameLabel: { value: "单选下拉框", localeValues: { "en": "Single select" } },
	dataSigns :
	[
		{
			name : "name",
			nameLabel: { value: "选项名", localeValues: { "en": "Option name" } },
			descLabel:
			{
				value: "下拉选项名称，可选标记，如果不标记，将默认为选项值",
				localeValues: { "en": "The option name of select chart, sign is not required, if none, the value column will be rendered" }
			},
			required: false,
			multiple: true
		},
		{
			name : "value",
			nameLabel: { value: "选项值", localeValues: { "en": "Option value" } },
			descLabel:
			{
				value: "下拉选项值，可以标记多列，每一列都绘制为一个下拉选项",
				localeValues: { "en": "The option value of select chart, can sign multiple columns, each column will be rendered as a option value" }
			},
			required: true,
			multiple: true
		}
	],
	version: "3.2.0",
	order: 9500,
	category:
	{
		name: "form",
		nameLabel: { value: "表单", localeValues: { "en": "Form" } },
		order: 9500
	},
	chartRenderer:
	{
		render: function(chart)
		{
			var options = {multiple: false};
			chartFactory.chartSupport.selectRender(chart, "name", "value", options);
		},
		update: function(chart, results)
		{
			chartFactory.chartSupport.selectUpdate(chart, results);
		},
		resize: function(chart)
		{
			chartFactory.chartSupport.selectResize(chart);
		},
		destroy: function(chart)
		{
			chartFactory.chartSupport.selectDestroy(chart);
		},
		on: function(chart, eventType, handler)
		{
			chartFactory.chartSupport.selectOn(chart, eventType, handler);
		},
		off: function(chart, eventType, handler)
		{
			chartFactory.chartSupport.selectOff(chart, eventType, handler);
		}
	}
}