{
	id: "org.datagear.chart.pie",
	nameLabel: { value: "基本饼图", localeValues: { "en": "Basic pie" } },
	icons: "icon.png",
	dataSigns:
	[
		{
			name: "name",
			nameLabel: { value: "名称", localeValues: { "en": "Name" } },
			descLabel:
			{
				value: "饼图扇面名称",
				localeValues: { "en": "The sector name of pie chart" }
			},
			required: true,
			multiple: false
		},
		{
			name: "value",
			nameLabel: { value: "数值", localeValues: { "en": "Value" } },
			descLabel:
			{
				value: "饼图扇面数值",
				localeValues: { "en": "The sector value of pie chart" }
			},
			required: true,
			multiple: false
		}
	],
	version: "3.2.0",
	order: 300,
	category:
	{
		name: "pie",
		nameLabel: { value: "饼图", localeValues: { "en": "Pie" } },
		order: 300
	},
	chartRenderer:
	{
		render: function(chart)
		{
			chartFactory.chartSupport.pieRender(chart, "name", "value");
		},
		update: function(chart, results)
		{
			chartFactory.chartSupport.pieUpdate(chart, results);
		},
		resize: function(chart)
		{
			chartFactory.chartSupport.pieResize(chart);
		},
		destroy: function(chart)
		{
			chartFactory.chartSupport.pieDestroy(chart);
		},
		on: function(chart, eventType, handler)
		{
			chartFactory.chartSupport.pieOn(chart, eventType, handler);
		},
		off: function(chart, eventType, handler)
		{
			chartFactory.chartSupport.pieOff(chart, eventType, handler);
		}
	}
}