{
	id: "org.datagear.chart.pie",
	nameLabel: { value: "基本饼图", localeValues: { "en": "Basic pie" } },
	icons: "icon.png",
	dataSigns:
	[
		{
			name: "name",
			nameLabel: { value: "名称", localeValues: { "en": "Name" } },
			descLabel:
			{
				value: "指标名",
				localeValues: { "en": "Name" }
			},
			required: true,
			multiple: false
		},
		{
			name: "value",
			nameLabel: { value: "数值", localeValues: { "en": "Value" } },
			descLabel:
			{
				value: "指标值",
				localeValues: { "en": "Value" }
			},
			required: true,
			multiple: false
		}
	],
	dataSetRange: 1,
	version: "5.2.0",
	order: 300,
	category:
	{
		name: "pie",
		nameLabel: { value: "饼图", localeValues: { "en": "Pie" } },
		order: 300
	},
	author: "DataGear",
	platformVersion: "5.2.0+"
}