{
	id: "org.datagear.chart.liquidfill.diamond",
	nameLabel: { value: "菱形水球图", localeValues: { "en": "Diamond liquidfill" } },
	icons: "icon.png",
	dataSigns:
	[
		{
			name : "name",
			nameLabel: { value: "名称", localeValues: { "en": "Name" } },
			descLabel:
			{
				value: "可选标记，指标名，可标记多列，且应与【数值】列一一对应",
				localeValues: { "en": "Optional, name, can sign multiple columns, must be one-to-one with [Value]" }
			},
			required: false,
			multiple: true
		},
		{
			name : "value",
			nameLabel: { value: "数值", localeValues: { "en": "Value" } },
			descLabel:
			{
				value: "指标值，可标记多列，每个单元格值都绘制为一条水波",
				localeValues: { "en": "Value, can sign multiple columns" }
			},
			required: true,
			multiple: true
		}
	],
	dataSetRange: 1,
	version: "5.2.0",
	order: 4110,
	category: "liquidfill",
	author: "DataGear"
}