{
	id: "org.datagear.chart.line.area.smooth",
	nameLabel: { value: "平滑面积图", localeValues: { "en": "Smooth area" } },
	icons: "icon.png",
	dataSigns:
	[
		{
			name: "name",
			nameLabel: { value: "名称", localeValues: { "en": "Name" } },
			descLabel:
			{
				value: "面积图横坐标，可以是坐标数值、指标名称",
				localeValues: { "en": "The x axis value of area chart, may be number or text" }
			},
			required: true,
			multiple: false
		},
		{
			name: "value",
			nameLabel: { value: "数值", localeValues: { "en": "Value" } },
			descLabel:
			{
				value: "面积图纵坐标，必须是数值，可以标记多列，每一列都绘制为一块区域",
				localeValues: { "en": "The y axis value of area chart, must be number, can sign multiple columns, each column will be rendered as an area series" }
			},
			required: true,
			multiple: true
		}
	],
	version: "2.11.0",
	order: 115,
	category: "line",
	chartRenderer:
	{
		render: function(chart)
		{
			var options = { dgSmooth: true, dgArea: true };
			chartFactory.chartSupport.lineRender(chart, "name", "value", options);
		},
		update: function(chart, results)
		{
			chartFactory.chartSupport.lineUpdate(chart, results);
		},
		resize: function(chart)
		{
			chartFactory.chartSupport.lineResize(chart);
		},
		destroy: function(chart)
		{
			chartFactory.chartSupport.lineDestroy(chart);
		},
		on: function(chart, eventType, handler)
		{
			chartFactory.chartSupport.lineOn(chart, eventType, handler);
		},
		off: function(chart, eventType, handler)
		{
			chartFactory.chartSupport.lineOff(chart, eventType, handler);
		}
	}
}