{
	id : "org.datagear.chart.tree.rectangle",
	nameLabel: { value: "矩形树图", localeValues: { "en": "Rectangle tree" } },
	icons : "icon.png",
	dataSigns :
	[
		{
			name : "id",
			nameLabel: { value: "ID", localeValues: { "en": "ID" } },
			descLabel:
			{
				value: "树图节点ID，可不标记",
				localeValues: { "en": "The node ID of tree chart, sign is not required" }
			},
			required: false,
			multiple: false
		},
		{
			name : "name",
			nameLabel: { value: "名称", localeValues: { "en": "" } },
			descLabel:
			{
				value: "树图节点名称",
				localeValues: { "en": "The node name of tree chart" }
			},
			required: true,
			multiple: false
		},
		{
			name : "parent",
			nameLabel: { value: "父节点", localeValues: { "en": "Parent" } },
			descLabel:
			{
				value: "树图节点的父节点标识，如果标记了ID列，则其值应是ID列值，否则，应是名称列值",
				localeValues: { "en": "The parent node of tree chart, must be signed on parent ID column if ID column is signed, must be signed on parent name column otherwise" }
			},
			required: true,
			multiple: false
		},
		{
			name : "value",
			nameLabel: { value: "数值", localeValues: { "en": "Value" } },
			descLabel:
			{
				value: "树图节点数值，应是数值，叶子节点的数值不应该为空",
				localeValues: { "en": "The node value of tree chart, must be number, the leaf node value must not be null" }
			},
			required: true,
			multiple: false
		}
	],
	version: "2.11.0",
	order : 1125,
	category: "tree",
	chartRenderer:
	{
		render: function(chart)
		{
			chartFactory.chartSupport.treemapRender(chart, "id", "name", "parent", "value");
		},
		update: function(chart, results)
		{
			chartFactory.chartSupport.treemapUpdate(chart, results);
		},
		resize: function(chart)
		{
			chartFactory.chartSupport.treemapResize(chart);
		},
		destroy: function(chart)
		{
			chartFactory.chartSupport.treemapDestroy(chart);
		},
		on: function(chart, eventType, handler)
		{
			chartFactory.chartSupport.treemapOn(chart, eventType, handler);
		},
		off: function(chart, eventType, handler)
		{
			chartFactory.chartSupport.treemapOff(chart, eventType, handler);
		}
	}
}