{
	id : "org.datagear.chart.tree.rl",
	nameLabel: { value: "自右向左树图", localeValues: { "en": "Right to left tree" } },
	icons : "icon.png",
	dataSigns :
	[
		{
			name : "id",
			nameLabel: { value: "ID", localeValues: { "en": "ID" } },
			descLabel:
			{
				value: "树图节点ID，可不标记",
				localeValues: { "en": "The node ID of tree chart, sign is not required" }
			},
			required: false,
			multiple: false
		},
		{
			name : "name",
			nameLabel: { value: "名称", localeValues: { "en": "" } },
			descLabel:
			{
				value: "树图节点名称",
				localeValues: { "en": "The node name of tree chart" }
			},
			required: true,
			multiple: false
		},
		{
			name : "parent",
			nameLabel: { value: "父节点", localeValues: { "en": "Parent" } },
			descLabel:
			{
				value: "树图节点的父节点标识，如果标记了ID列，则其值应是ID列值，否则，应是名称列值",
				localeValues: { "en": "The parent node of tree chart, must be signed on parent ID column if ID column is signed, must be signed on parent name column otherwise" }
			},
			required: true,
			multiple: false
		},
		{
			name : "value",
			nameLabel: { value: "数值", localeValues: { "en": "Value" } },
			descLabel:
			{
				value: "树图节点数值，可不标记",
				localeValues: { "en": "The node value of tree chart, sign is not required" }
			},
			required: false,
			multiple: false
		}
	],
	version: "3.2.0",
	order : 1110,
	category: "tree",
	chartRenderer:
	{
		render: function(chart)
		{
			var options = { dgOrient: "RL" };
			chartFactory.chartSupport.treeRender(chart, "id", "name", "parent", "value", options);
		},
		update: function(chart, results)
		{
			chartFactory.chartSupport.treeUpdate(chart, results);
		},
		resize: function(chart)
		{
			chartFactory.chartSupport.treeResize(chart);
		},
		destroy: function(chart)
		{
			chartFactory.chartSupport.treeDestroy(chart);
		},
		on: function(chart, eventType, handler)
		{
			chartFactory.chartSupport.treeOn(chart, eventType, handler);
		},
		off: function(chart, eventType, handler)
		{
			chartFactory.chartSupport.treeOff(chart, eventType, handler);
		}
	}
}