{
	id: "org.datagear.chart.label.hideName",
	nameLabel: { value: "名称隐藏标签卡", localeValues: { "en": "Name hidden label" } },
	icons: "icon.png",
	dataSigns :
	[
		{
			name : "name",
			nameLabel: { value: "标签名", localeValues: { "en": "Name" } },
			descLabel:
			{
				value: "标签名称，可选标记，如果不标记，将默认为列名称",
				localeValues: { "en": "The name of label chart, sign is not required, if none, the value column name will be rendered as name" }
			},
			required: false,
			multiple: true
		},
		{
			name : "value",
			nameLabel: { value: "标签值", localeValues: { "en": "Value" } },
			descLabel:
			{
				value: "标签值，可以标记多列，每一列都绘制为一个标签值",
				localeValues: { "en": "The value of label chart, can sign multiple columns, each column will be rendered as a label value" }
			},
			required: true,
			multiple: true
		}
	],
	version: "2.9.0",
	order: 9010,
	category: "label",
	chartRenderer:
	{
		render: function(chart)
		{
			var options={ name: { show: false } };
			chartFactory.chartSupport.labelRender(chart, "name", "value", options);
		},
		update: function(chart, results)
		{
			chartFactory.chartSupport.labelUpdate(chart, results);
		},
		resize: function(chart)
		{
			chartFactory.chartSupport.labelResize(chart);
		},
		destroy: function(chart)
		{
			chartFactory.chartSupport.labelDestroy(chart);
		},
		on: function(chart, eventType, handler)
		{
			chartFactory.chartSupport.labelOn(chart, eventType, handler);
		},
		off: function(chart, eventType, handler)
		{
			chartFactory.chartSupport.labelOff(chart, eventType, handler);
		}
	}
}