{
	id: "org.datagear.chart.map.flyline",
	nameLabel: { value: "地图飞线图", localeValues: { "en": "Map fly line" } },
	icons : "icon.png",
	dataSigns:
	[
		{
			name: "name",
			nameLabel: { value: "名称", localeValues: { "en": "Name" } },
			descLabel:
			{
				value: "飞线名称，可不标记",
				localeValues: { "en": "The line name" }
			},
			required: false,
			multiple: false
		},
		{
			name: "sourceLongitude",
			nameLabel: { value: "源点经度", localeValues: { "en": "Source longitude" } },
			descLabel:
			{
				value: "源点经度值",
				localeValues: { "en": "The source longitude of fly line" }
			},
			required: true,
			multiple: false
		},
		{
			name: "sourceLatitude",
			nameLabel: { value: "源点纬度", localeValues: { "en": "Source latitude" } },
			descLabel:
			{
				value: "源点纬度数值",
				localeValues: { "en": "The source latitude of fly line" }
			},
			required: true,
			multiple: false
		},
		{
			name: "targetLongitude",
			nameLabel: { value: "终点经度", localeValues: { "en": "Target longitude" } },
			descLabel:
			{
				value: "终点经度值",
				localeValues: { "en": "The target longitude of fly line" }
			},
			required: true,
			multiple: false
		},
		{
			name: "targetLatitude",
			nameLabel: { value: "终点纬度", localeValues: { "en": "Target latitude" } },
			descLabel:
			{
				value: "终点纬度数值",
				localeValues: { "en": "The target latitude of fly line" }
			},
			required: true,
			multiple: false
		},
		{
			name: "category",
			nameLabel: { value: "类别", localeValues: { "en": "Category" } },
			descLabel:
			{
				value: "飞线类别，可不标记，相同类别的数据将被绘制到同一个系列中",
				localeValues: { "en": "The category of fly line, sign is not required, data with the same category will be treated as a series" }
			},
			required: false,
			multiple: false
		},
		{
			name: "map",
			nameLabel: { value: "地图名", localeValues: { "en": "Map" } },
			descLabel:
			{
				value: "图表使用的地图名冗余列，可不标记，主要用于支持地图随数据刷新的情况，第一个不为空的列值将用作地图名",
				localeValues: { "en": "The map name of map chart, sign is not required, used by chart that refresh map together with data, the first non-null column value will be used as map name" }
			},
			required: false,
			multiple: false
		}
	],
	version: "2.11.0",
	order: 850,
	category: "map",
	chartRenderer:
	{
		asyncRender: true,
		render: function(chart)
		{
			chartFactory.chartSupport.mapFlylineRender(chart, "name", "sourceLongitude", "sourceLatitude",
										"targetLongitude", "targetLatitude", "category", "map");
		},
		asyncUpdate: true,
		update: function(chart, results)
		{
			chartFactory.chartSupport.mapFlylineUpdate(chart, results);
		},
		resize: function(chart)
		{
			chartFactory.chartSupport.mapFlylineResize(chart);
		},
		destroy: function(chart)
		{
			chartFactory.chartSupport.mapFlylineDestroy(chart);
		},
		on: function(chart, eventType, handler)
		{
			chartFactory.chartSupport.mapFlylineOn(chart, eventType, handler);
		},
		off: function(chart, eventType, handler)
		{
			chartFactory.chartSupport.mapFlylineOff(chart, eventType, handler);
		}
	}
}