{
	id : "org.datagear.chart.graph",
	nameLabel: { value: "基本关系图", localeValues: { "en": "Basic graph" } },
	icons : "icon.png",
	dataSigns :
	[
		{
			name : "sourceId",
			nameLabel: { value: "源ID", localeValues: { "en": "Source ID" } },
			descLabel:
			{
				value: "关系图源节点ID，可不标记",
				localeValues: { "en": "The source node ID of graph chart, sign is not required" }
			},
			required: false,
			multiple: false
		},
		{
			name : "sourceName",
			nameLabel: { value: "源名称", localeValues: { "en": "Source name" } },
			descLabel:
			{
				value: "关系图源节点名称",
				localeValues: { "en": "The source node name of graph chart" }
			},
			required: true,
			multiple: false
		},
		{
			name : "sourceCategory",
			nameLabel: { value: "源类别", localeValues: { "en": "Source category" } },
			descLabel:
			{
				value: "关系图源节点类别名称，多个源节点归属的同一类别，可不标记",
				localeValues: { "en": "The source node category of graph chart, multiple node may be the same category, sign is not required" }
			},
			required: false,
			multiple: false
		},
		{
			name : "sourceValue",
			nameLabel: { value: "源数值", localeValues: { "en": "Source value" } },
			descLabel:
			{
				value: "关系图源节点数值，表现为节点大小，可不标记",
				localeValues: { "en": "The source node value of graph chart, rendered as node size, sign is not required" }
			},
			required: false,
			multiple: false
		},
		{
			name : "targetId",
			nameLabel: { value: "目标ID", localeValues: { "en": "Target ID" } },
			descLabel:
			{
				value: "关系图目标节点ID，可不标记",
				localeValues: { "en": "The target node ID of graph chart, sign is not required" }
			},
			required: false,
			multiple: false
		},
		{
			name : "targetName",
			nameLabel: { value: "目标名称", localeValues: { "en": "Target name" } },
			descLabel:
			{
				value: "关系图目标节点名称",
				localeValues: { "en": "The target node name of graph chart" }
			},
			required: true,
			multiple: false
		},
		{
			name : "targetCategory",
			nameLabel: { value: "目标类别", localeValues: { "en": "Target category" } },
			descLabel:
			{
				value: "关系图目标节点类别名称，多个目标节点归属的同一类别，可不标记",
				localeValues: { "en": "The target node category of graph chart, multiple node may be the same category, sign is not required" }
			},
			required: false,
			multiple: false
		},
		{
			name : "targetValue",
			nameLabel: { value: "目标数值", localeValues: { "en": "Target value" } },
			descLabel:
			{
				value: "关系图目标节点数值，表现为节点大小，可不标记",
				localeValues: { "en": "The target node value of graph chart, rendered as node size, sign is not required" }
			},
			required: false,
			multiple: false
		},
		{
			name : "value",
			nameLabel: { value: "关系数值", localeValues: { "en": "Graph value" } },
			descLabel:
			{
				value: "关系图源节点和目标节点的连接权重数值，表现为连接线长度，可不标记",
				localeValues: { "en": "The link weight from source node to target node of graph chart, rendered as line length, sign is not required" }
			},
			required: false,
			multiple: false
		}
	],
	version: "3.2.0",
	order : 1400,
	category:
	{
		name: "graph",
		nameLabel: { value: "关系图", localeValues: { "en": "Graph" } },
		order: 1400
	},
	chartRenderer:
	{
		render: function(chart)
		{
			chartFactory.chartSupport.graphRender(chart);
		},
		update: function(chart, results)
		{
			chartFactory.chartSupport.graphUpdate(chart, results);
		},
		resize: function(chart)
		{
			chartFactory.chartSupport.graphResize(chart);
		},
		destroy: function(chart)
		{
			chartFactory.chartSupport.graphDestroy(chart);
		},
		on: function(chart, eventType, handler)
		{
			chartFactory.chartSupport.graphOn(chart, eventType, handler);
		},
		off: function(chart, eventType, handler)
		{
			chartFactory.chartSupport.graphOff(chart, eventType, handler);
		}
	}
}