{
	id: "org.datagear.chart.line.area.smooth.stack",
	nameLabel: { value: "平滑堆叠面积图", localeValues: { "en": "Smooth stack area" } },
	icons: "icon.png",
	dataSigns:
	[
		{
			name: "name",
			nameLabel: { value: "名称", localeValues: { "en": "Name" } },
			descLabel:
			{
				value: "面积图横坐标，可以是坐标数值、指标名称",
				localeValues: { "en": "The x axis value of area chart, may be number or text" }
			},
			required: true,
			multiple: false
		},
		{
			name: "value",
			nameLabel: { value: "数值", localeValues: { "en": "Value" } },
			descLabel:
			{
				value: "面积图纵坐标，必须是数值，可以标记多列，每一列都绘制为同坐标的一块堆叠区域",
				localeValues: { "en": "The y axis value of area chart, must be number, can sign multiple columns, each column will be rendered as stack segment of an area series" }
			},
			required: true,
			multiple: true
		},
		{
			name: "category",
			nameLabel: { value: "类别", localeValues: { "en": "Category" } },
			descLabel:
			{
				value: "折线图数据类别，可选标记，相同类别的所有数据将被绘制为一条折线，如果标记，【数值】仅支持标记单列",
				localeValues: { "en": "The category of data, optional, data with the same category will be rendered as a line series" }
			},
			required: false,
			multiple: false
		}
	],
	version: "3.2.0",
	order: 125,
	category: "line",
	chartRenderer:
	{
		render: function(chart)
		{
			var options = { dg: { stack: true, area: true, smooth: true } };
			chartFactory.chartSupport.lineRender(chart, options);
		},
		update: function(chart, results)
		{
			chartFactory.chartSupport.lineUpdate(chart, results);
		},
		resize: function(chart)
		{
			chartFactory.chartSupport.lineResize(chart);
		},
		destroy: function(chart)
		{
			chartFactory.chartSupport.lineDestroy(chart);
		},
		on: function(chart, eventType, handler)
		{
			chartFactory.chartSupport.lineOn(chart, eventType, handler);
		},
		off: function(chart, eventType, handler)
		{
			chartFactory.chartSupport.lineOff(chart, eventType, handler);
		}
	}
}