{
	id: "org.datagear.chart.bar.polar.angle",
	nameLabel: { value: "角度柱状图", localeValues: { "en": "Angle bar" } },
	icons: "icon.png",
	dataSigns:
	[
		{
			name: "name",
			nameLabel: { value: "名称", localeValues: { "en": "Name" } },
			descLabel:
			{
				value: "指标名",
				localeValues: { "en": "Name" }
			},
			required: true,
			multiple: false
		},
		{
			name: "value",
			nameLabel: { value: "数值", localeValues: { "en": "Value" } },
			descLabel:
			{
				value: "指标值，可标记多列，每一列都绘制为一个图表系列",
				localeValues: { "en": "Value, can sign multiple columns, each will be rendered as a series" }
			},
			required: true,
			multiple: true
		},
		{
			name: "category",
			nameLabel: { value: "类别", localeValues: { "en": "Category" } },
			descLabel:
			{
				value: "可选标记，数据类别，不同类别的数据将被绘制为不同的系列，如果标记，【数值】仅支持标记单列",
				localeValues: { "en": "Optional, Data category, data with the same category will be rendered as a series" }
			},
			required: false,
			multiple: false
		}
	],
	dataSetRange: 1,
	version: "5.2.0",
	order: 225,
	category: "bar",
	author: "DataGear"
}