{
	id: "org.datagear.chart.form.select.multiple",
	nameLabel: { value: "多选下拉框", localeValues: { "en": "Multiple select" } },
	dataSigns :
	[
		{
			name : "name",
			nameLabel: { value: "选项名", localeValues: { "en": "Option name" } },
			descLabel:
			{
				value: "可选标记，选项名，可标记多列，且应与【选项值】列一一对应",
				localeValues: { "en": "Optional, select name" }
			},
			required: false,
			multiple: true
		},
		{
			name : "value",
			nameLabel: { value: "选项值", localeValues: { "en": "Option value" } },
			descLabel:
			{
				value: "选项值，可标记多列，每一列都绘制为一个下拉选项",
				localeValues: { "en": "Value, can sign multiple columns, each will be rendered as an option value" }
			},
			required: true,
			multiple: true
		}
	],
	dataSetRange: 1,
	version: "4.3.0",
	order: 9505,
	category: "form",
	chartRenderer:
	{
		render: function(chart)
		{
			var options = {multiple: true};
			chartFactory.chartSupport.selectRender(chart, options);
		},
		update: function(chart, results)
		{
			chartFactory.chartSupport.selectUpdate(chart, results);
		},
		resize: function(chart)
		{
			chartFactory.chartSupport.selectResize(chart);
		},
		destroy: function(chart)
		{
			chartFactory.chartSupport.selectDestroy(chart);
		},
		on: function(chart, eventType, handler)
		{
			chartFactory.chartSupport.selectOn(chart, eventType, handler);
		},
		off: function(chart, eventType, handler)
		{
			chartFactory.chartSupport.selectOff(chart, eventType, handler);
		}
	}
}