{
	id: "org.datagear.chart.scatter.coord.ripple",
	nameLabel: { value: "涟漪坐标散点图", localeValues: { "en": "Ripple coordinate  scatter" } },
	icons : "icon.png",
	dataSigns:
	[
		{
			name: "name",
			nameLabel: { value: "横坐标", localeValues: { "en": "Coordinate x" } },
			descLabel:
			{
				value: "散点图横坐标，可以是坐标数值、指标名称",
				localeValues: { "en": "The x axis value of scatter chart, may be number or text" }
			},
			required: true,
			multiple: false
		},
		{
			name: "value",
			nameLabel: { value: "纵坐标", localeValues: { "en": "Coordinate y" } },
			descLabel:
			{
				value: "散点图纵坐标，必须是数值",
				localeValues: { "en": "The y axis value of scatter chart, must be number" }
			},
			required: true,
			multiple: false
		},
		{
			name: "weight",
			nameLabel: { value: "指标值", localeValues: { "en": "Coordinate weight" } },
			descLabel:
			{
				value: "散点图坐标的指标数值，表现为散点大小，必须是数值，可不标记",
				localeValues: { "en": "The coordinate weight of scatter chart rendered as scatter size, must be number, sign is not required" }
			},
			required: false,
			multiple: false
		}
	],
	version: "3.2.0",
	order: 515,
	category: "scatter",
	chartRenderer:
	{
		render: function(chart)
		{
			chartFactory.chartSupport.scatterCoordRippleRender(chart, "name", "value", "weight");
		},
		update: function(chart, results)
		{
			chartFactory.chartSupport.scatterCoordRippleUpdate(chart, results);
		},
		resize: function(chart)
		{
			chartFactory.chartSupport.scatterCoordRippleResize(chart);
		},
		destroy: function(chart)
		{
			chartFactory.chartSupport.scatterCoordRippleDestroy(chart);
		},
		on: function(chart, eventType, handler)
		{
			chartFactory.chartSupport.scatterCoordRippleOn(chart, eventType, handler);
		},
		off: function(chart, eventType, handler)
		{
			chartFactory.chartSupport.scatterCoordRippleOff(chart, eventType, handler);
		}
	}
}