{
	id: "org.datagear.chart.scatter.coord.ripple",
	nameLabel: { value: "涟漪坐标散点图", localeValues: { "en": "Ripple coordinate  scatter" } },
	icons : "icon.png",
	dataSigns:
	[
		{
			name: "name",
			nameLabel: { value: "横坐标", localeValues: { "en": "Coordinate x" } },
			descLabel:
			{
				value: "横坐标",
				localeValues: { "en": "X value" }
			},
			required: true,
			multiple: false
		},
		{
			name: "value",
			nameLabel: { value: "纵坐标", localeValues: { "en": "Coordinate y" } },
			descLabel:
			{
				value: "纵坐标",
				localeValues: { "en": "Y value" }
			},
			required: true,
			multiple: false
		},
		{
			name: "weight",
			nameLabel: { value: "指标值", localeValues: { "en": "Coordinate weight" } },
			descLabel:
			{
				value: "可选标记，指标值，数值越大散点尺寸越大",
				localeValues: { "en": "Optional, value, rendered as scatter size" }
			},
			required: false,
			multiple: false
		},
		{
			name: "category",
			nameLabel: { value: "类别", localeValues: { "en": "Category" } },
			descLabel:
			{
				value: "可选标记，数据类别，不同类别的数据将被绘制为不同的系列",
				localeValues: { "en": "Optional, data category, data with the same category will be rendered as a series" }
			},
			required: false,
			multiple: false
		}
	],
	dataSetRange: 1,
	version: "5.2.0",
	order: 515,
	category: "scatter",
	author: "DataGear"
}