{
	id: "org.datagear.chart.map.graph",
	nameLabel: { value: "地图关系图", localeValues: { "en": "Map graph" } },
	icons: "icon.png",
	dataSigns :
	[
		{
			name : "sourceId",
			nameLabel: { value: "源ID", localeValues: { "en": "Source ID" } },
			descLabel:
			{
				value: "关系图源节点ID，可不标记",
				localeValues: { "en": "The source node ID of graph chart, sign is not required" }
			},
			required: false,
			multiple: false
		},
		{
			name : "sourceLongitude",
			nameLabel: { value: "源经度", localeValues: { "en": "Source longitude" } },
			descLabel:
			{
				value: "关系图源节点经度值",
				localeValues: { "en": "The source node longitude of graph chart" }
			},
			required: true,
			multiple: false
		},
		{
			name : "sourceLatitude",
			nameLabel: { value: "源纬度", localeValues: { "en": "Source latitude" } },
			descLabel:
			{
				value: "关系图源节点纬度值",
				localeValues: { "en": "The source node latitude of graph chart" }
			},
			required: true,
			multiple: false
		},
		{
			name : "sourceName",
			nameLabel: { value: "源名称", localeValues: { "en": "Source name" } },
			descLabel:
			{
				value: "关系图源节点名称",
				localeValues: { "en": "The source node name of graph chart" }
			},
			required: true,
			multiple: false
		},
		{
			name : "sourceCategory",
			nameLabel: { value: "源类别", localeValues: { "en": "Source category" } },
			descLabel:
			{
				value: "关系图源节点类别名称，多个源节点归属的同一类别，可不标记",
				localeValues: { "en": "The source node category of graph chart, multiple node may be the same category, sign is not required" }
			},
			required: false,
			multiple: false
		},
		{
			name : "sourceValue",
			nameLabel: { value: "源数值", localeValues: { "en": "Source value" } },
			descLabel:
			{
				value: "关系图源节点数值，表现为节点大小，可不标记",
				localeValues: { "en": "The source node value of graph chart, rendered as node size, sign is not required" }
			},
			required: false,
			multiple: false
		},
		{
			name : "targetId",
			nameLabel: { value: "目标ID", localeValues: { "en": "Target ID" } },
			descLabel:
			{
				value: "关系图目标节点ID，可不标记",
				localeValues: { "en": "The target node ID of graph chart, sign is not required" }
			},
			required: false,
			multiple: false
		},
		{
			name : "targetLongitude",
			nameLabel: { value: "目标经度", localeValues: { "en": "Target longitude" } },
			descLabel:
			{
				value: "关系图目标节点经度值",
				localeValues: { "en": "The target node longitude of graph chart" }
			},
			required: true,
			multiple: false
		},
		{
			name : "targetLatitude",
			nameLabel: { value: "目标纬度", localeValues: { "en": "Target latitude" } },
			descLabel:
			{
				value: "关系图目标节点纬度值",
				localeValues: { "en": "The target node latitude of graph chart" }
			},
			required: true,
			multiple: false
		},
		{
			name : "targetName",
			nameLabel: { value: "目标名称", localeValues: { "en": "Target name" } },
			descLabel:
			{
				value: "关系图目标节点名称",
				localeValues: { "en": "The target node name of graph chart" }
			},
			required: true,
			multiple: false
		},
		{
			name : "targetCategory",
			nameLabel: { value: "目标类别", localeValues: { "en": "Target category" } },
			descLabel:
			{
				value: "关系图目标节点类别名称，多个目标节点归属的同一类别，可不标记",
				localeValues: { "en": "The target node category of graph chart, multiple node may be the same category, sign is not required" }
			},
			required: false,
			multiple: false
		},
		{
			name : "targetValue",
			nameLabel: { value: "目标数值", localeValues: { "en": "Target value" } },
			descLabel:
			{
				value: "关系图目标节点数值，表现为节点大小，可不标记",
				localeValues: { "en": "The target node value of graph chart, rendered as node size, sign is not required" }
			},
			required: false,
			multiple: false
		},
		{
			name: "map",
			nameLabel: { value: "地图名", localeValues: { "en": "Map" } },
			descLabel:
			{
				value: "图表使用的地图名冗余列，可不标记，主要用于支持地图随数据刷新的情况，第一个不为空的列值将用作地图名",
				localeValues: { "en": "The map name of map chart, sign is not required, used by chart that refresh map together with data, the first non-null column value will be used as map name" }
			},
			required: false,
			multiple: false
		}
	],
	version: "3.2.0",
	order: 810,
	categories: ["map", "graph"],
	categoryOrders: [810, 1430],
	chartRenderer:
	{
		asyncRender: true,
		render: function(chart)
		{
			chartFactory.chartSupport.mapGraphRender(chart, "sourceId", "sourceLongitude", "sourceLatitude", "sourceName", "sourceCategory", "sourceValue",
					"targetId", "targetLongitude", "targetLatitude", "targetName", "targetCategory", "targetValue", "map");
		},
		asyncUpdate: true,
		update: function(chart, results)
		{
			chartFactory.chartSupport.mapGraphUpdate(chart, results);
		},
		resize: function(chart)
		{
			chartFactory.chartSupport.mapGraphResize(chart);
		},
		destroy: function(chart)
		{
			chartFactory.chartSupport.mapGraphDestroy(chart);
		},
		on: function(chart, eventType, handler)
		{
			chartFactory.chartSupport.mapGraphOn(chart, eventType, handler);
		},
		off: function(chart, eventType, handler)
		{
			chartFactory.chartSupport.mapGraphOff(chart, eventType, handler);
		}
	}
}