{
	id: "org.datagear.chart.map.graph",
	nameLabel: { value: "地图关系图", localeValues: { "en": "Map graph" } },
	icons: "icon.png",
	dataSigns :
	[
		{
			name : "sourceId",
			nameLabel: { value: "源ID", localeValues: { "en": "Source ID" } },
			descLabel:
			{
				value: "可选标记，源节点ID",
				localeValues: { "en": "Optional, source node ID" }
			},
			required: false,
			multiple: false
		},
		{
			name : "sourceLongitude",
			nameLabel: { value: "源经度", localeValues: { "en": "Source longitude" } },
			descLabel:
			{
				value: "源点经度",
				localeValues: { "en": "Source longitude" }
			},
			required: true,
			multiple: false
		},
		{
			name : "sourceLatitude",
			nameLabel: { value: "源纬度", localeValues: { "en": "Source latitude" } },
			descLabel:
			{
				value: "源点纬度",
				localeValues: { "en": "Source latitude" }
			},
			required: true,
			multiple: false
		},
		{
			name : "sourceName",
			nameLabel: { value: "源名称", localeValues: { "en": "Source name" } },
			descLabel:
			{
				value: "源节点名称",
				localeValues: { "en": "Source node name" }
			},
			required: true,
			multiple: false
		},
		{
			name : "sourceCategory",
			nameLabel: { value: "源类别", localeValues: { "en": "Source category" } },
			descLabel:
			{
				value: "可选标记，源节点类别，不同类别的数据将被绘制为不同的颜色",
				localeValues: { "en": "Optional, source node category" }
			},
			required: false,
			multiple: false
		},
		{
			name : "sourceValue",
			nameLabel: { value: "源数值", localeValues: { "en": "Source value" } },
			descLabel:
			{
				value: "可选标记，源节点数值，数值越大节点绘制尺寸越大",
				localeValues: { "en": "Optional, source node value, rendered as node size" }
			},
			required: false,
			multiple: false
		},
		{
			name : "targetId",
			nameLabel: { value: "目标ID", localeValues: { "en": "Target ID" } },
			descLabel:
			{
				value: "可选标记，目标节点ID",
				localeValues: { "en": "Optional, target node ID" }
			},
			required: false,
			multiple: false
		},
		{
			name : "targetLongitude",
			nameLabel: { value: "目标经度", localeValues: { "en": "Target longitude" } },
			descLabel:
			{
				value: "目标点经度",
				localeValues: { "en": "Target longitude" }
			},
			required: true,
			multiple: false
		},
		{
			name : "targetLatitude",
			nameLabel: { value: "目标纬度", localeValues: { "en": "Target latitude" } },
			descLabel:
			{
				value: "目标点纬度",
				localeValues: { "en": "Target latitude" }
			},
			required: true,
			multiple: false
		},
		{
			name : "targetName",
			nameLabel: { value: "目标名称", localeValues: { "en": "Target name" } },
			descLabel:
			{
				value: "目标节点名称",
				localeValues: { "en": "Target node name" }
			},
			required: true,
			multiple: false
		},
		{
			name : "targetCategory",
			nameLabel: { value: "目标类别", localeValues: { "en": "Target category" } },
			descLabel:
			{
				value: "可选标记，目标节点类别，不同类别的数据将被绘制为不同的颜色",
				localeValues: { "en": "Optional, target node category" }
			},
			required: false,
			multiple: false
		},
		{
			name : "targetValue",
			nameLabel: { value: "目标数值", localeValues: { "en": "Target value" } },
			descLabel:
			{
				value: "可选标记，目标节点数值，数值越大节点绘制尺寸越大",
				localeValues: { "en": "Optional, target node value, rendered as node size" }
			},
			required: false,
			multiple: false
		},
		{
			name: "map",
			nameLabel: { value: "地图名", localeValues: { "en": "Map" } },
			descLabel:
			{
				value: "可选标记，图表使用的地图名，用于支持地图随数据刷新的情况，第一个不为空的列值将用作地图名",
				localeValues: { "en": "Optional, the map name of map chart, used by chart that refresh map together with data, the first non-null column value will be used as map name" }
			},
			required: false,
			multiple: false
		}
	],
	dataSetRange: 1,
	version: "5.2.0",
	order: 810,
	categories: ["map", "graph"],
	categoryOrders: [810, 1430],
	author: "DataGear",
	platformVersion: "5.2.0+"
}