{
	id: "org.datagear.chart.bar.polar.angle.stack",
	nameLabel: { value: "堆叠角度柱状图", localeValues: { "en": "Stack angle bar" } },
	icons: "icon.png",
	dataSigns:
	[
		{
			name: "name",
			nameLabel: { value: "名称", localeValues: { "en": "Name" } },
			descLabel:
			{
				value: "角度柱状图的角度坐标，可以是坐标数值、指标名称",
				localeValues: { "en": "The angle axis value of angle bar chart, may be number or text" }
			},
			required: true,
			multiple: false
		},
		{
			name: "value",
			nameLabel: { value: "数值", localeValues: { "en": "Value" } },
			descLabel:
			{
				value: "角度柱状图径向值，必须是数值，可以标记多列，每一列绘制为同坐标的一段堆叠柱图",
				localeValues: { "en": "The radius value of angle bar chart, must be number, can sign multiple columns, each column will be rendered as stack segment of a bar series" }
			},
			required: true,
			multiple: true
		}
	],
	version: "3.2.0",
	order: 235,
	category: "bar",
	chartRenderer:
	{
		render: function(chart)
		{
			var options={ dgAxisType: "angle", dgStack: true };
			chartFactory.chartSupport.barPolarRender(chart, "name", "value", options);
		},
		update: function(chart, results)
		{
			chartFactory.chartSupport.barPolarUpdate(chart, results);
		},
		resize: function(chart)
		{
			chartFactory.chartSupport.barPolarResize(chart);
		},
		destroy: function(chart)
		{
			chartFactory.chartSupport.barPolarDestroy(chart);
		},
		on: function(chart, eventType, handler)
		{
			chartFactory.chartSupport.barPolarOn(chart, eventType, handler);
		},
		off: function(chart, eventType, handler)
		{
			chartFactory.chartSupport.barPolarOff(chart, eventType, handler);
		}
	}
}