{
	id: "org.datagear.chart.pictorialBar.progess",
	nameLabel: { value: "基本象形进度图", localeValues: { "en": "Basic pictorial process bar" } },
	icons: "icon.png",
	dataSigns:
	[
		{
			name: "name",
			nameLabel: { value: "名称", localeValues: { "en": "Name" } },
			descLabel:
			{
				value: "进度图横坐标，可以是坐标数值、指标名称",
				localeValues: { "en": "The x axis value, may be number or text" }
			},
			required: true,
			multiple: false
		},
		{
			name: "value",
			nameLabel: { value: "数值", localeValues: { "en": "Value" } },
			descLabel:
			{
				value: "进度图纵坐标，必须是数值",
				localeValues: { "en": "The y axis value, must be number" }
			},
			required: true,
			multiple: false
		},
		{
			name: "max",
			nameLabel: { value: "最大值", localeValues: { "en": "Max value" } },
			descLabel:
			{
				value: "进度图最大值，必须是数值，可不标记，将取第一个不为空的列值，默认值为：100",
				localeValues: { "en": "The max value, must be number, default value is: 100" }
			},
			required: false,
			multiple: false
		}
	],
	version: "3.2.0",
	order: 1875,
	categories: "pictorialBar",
	chartRenderer:
	{
		render: function(chart)
		{
			chartFactory.chartSupport.pictorialBarProgressRender(chart, "name", "value", "max");
		},
		update: function(chart, results)
		{
			chartFactory.chartSupport.pictorialBarProgressUpdate(chart, results);
		},
		resize: function(chart)
		{
			chartFactory.chartSupport.pictorialBarProgressResize(chart);
		},
		destroy: function(chart)
		{
			chartFactory.chartSupport.pictorialBarProgressDestroy(chart);
		},
		on: function(chart, eventType, handler)
		{
			chartFactory.chartSupport.pictorialBarProgressOn(chart, eventType, handler);
		},
		off: function(chart, eventType, handler)
		{
			chartFactory.chartSupport.pictorialBarProgressOff(chart, eventType, handler);
		}
	}
}