{
	id : "org.datagear.chart.sunburst",
	nameLabel: { value: "基本旭日图", localeValues: { "en": "Basic sunburst" } },
	icons : "icon.png",
	dataSigns :
	[
		{
			name : "id",
			nameLabel: { value: "ID", localeValues: { "en": "ID" } },
			descLabel:
			{
				value: "旭日图节点ID，可不标记",
				localeValues: { "en": "The node ID of sunburst chart, sign is not required" }
			},
			required: false,
			multiple: false
		},
		{
			name : "name",
			nameLabel: { value: "名称", localeValues: { "en": "Name" } },
			descLabel:
			{
				value: "旭日图节点名称",
				localeValues: { "en": "The node name of sunburst chart" }
			},
			required: true,
			multiple: false
		},
		{
			name : "parent",
			nameLabel: { value: "父节点", localeValues: { "en": "Parent" } },
			descLabel:
			{
				value: "旭日图节点的父节点标识，如果标记了ID列，则其值应是ID列值，否则，应是名称列值",
				localeValues: { "en": "The node parent of sunburst chart, must be signed on parent ID column if ID column is signed, must be signed on parent name column otherwise" }
			},
			required: true,
			multiple: false
		},
		{
			name : "value",
			nameLabel: { value: "数值", localeValues: { "en": "Value" } },
			descLabel:
			{
				value: "旭日图节点数值，应是数值，叶子节点的数值不应该为空",
				localeValues: { "en": "The node value of sunburst chart, must be number, the leaf node value must not be null" }
			},
			required: true,
			multiple: false
		}
	],
	version: "3.2.0",
	order : 1200,
	category:
	{
		name: "sunburst",
		nameLabel: { value: "旭日图", localeValues: { "en": "Sunburst" } },
		order: 1200
	},
	chartRenderer:
	{
		render: function(chart)
		{
			chartFactory.chartSupport.sunburstRender(chart);
		},
		update: function(chart, results)
		{
			chartFactory.chartSupport.sunburstUpdate(chart, results);
		},
		resize: function(chart)
		{
			chartFactory.chartSupport.sunburstResize(chart);
		},
		destroy: function(chart)
		{
			chartFactory.chartSupport.sunburstDestroy(chart);
		},
		on: function(chart, eventType, handler)
		{
			chartFactory.chartSupport.sunburstOn(chart, eventType, handler);
		},
		off: function(chart, eventType, handler)
		{
			chartFactory.chartSupport.sunburstOff(chart, eventType, handler);
		}
	}
}