/* 执行../test-mysql.sql
CREATE TABLE T_ACCOUNT
(
	ID INT NOT NULL,
	NAME VARCHAR(20) NOT NULL COMMENT '帐号名',
	HEAD_IMG BLOB COMMENT '头像图片',
	INTRODUCTION TEXT COMMENT '自我介绍',
	PRIMARY KEY (ID)
) COMMENT='帐号';

CREATE TABLE T_ADDRESS
(
	ACCOUNT_ID INT COMMENT '所属帐号',
	CITY VARCHAR(50) COMMENT '城市',
	STREET VARCHAR(100) COMMENT '街道',
	RESIDENTIAL VARCHAR(100) COMMENT '住宅区',
	HOUSE_NUMBER VARCHAR(100) COMMENT '门牌号'
) COMMENT='住址';
ALTER TABLE T_ADDRESS ADD FOREIGN KEY (ACCOUNT_ID) REFERENCES T_ACCOUNT (ID);
ALTER TABLE T_ADDRESS ADD CONSTRAINT UK_ACCOUNT_ID UNIQUE (ACCOUNT_ID);

CREATE TABLE T_DATA_IMPORT
(
	ID INT NOT NULL,
	NAME VARCHAR(200),
	COL_DATE DATE,
	COL_DATETIME DATETIME,
	COL_TIME TIME,
	COL_TIMESTAMP TIMESTAMP,
	COL_BLOB BLOB,
	COL_CLOB TEXT,
	PRIMARY KEY (ID)
);

CREATE TABLE T_DATA_EXPORT
(
	ID INT NOT NULL,
	NAME VARCHAR(200),
	COL_DATE DATE,
	COL_DATETIME DATETIME,
	COL_TIME TIME,
	COL_TIMESTAMP TIMESTAMP,
	COL_BLOB BLOB,
	COL_CLOB TEXT,
	PRIMARY KEY (ID)
);

CREATE TABLE T_UNSIGNED_NUMBER
(
  NAME VARCHAR(50) NOT NULL,
  V_TINYINT TINYINT UNSIGNED,
  V_SMALLINT SMALLINT UNSIGNED,
  V_MEDIUMINT MEDIUMINT UNSIGNED,
  V_INTEGER INT UNSIGNED,
  V_BIGINT BIGINT UNSIGNED,
  V_FLOAT FLOAT,
  V_REAL REAL,
  V_DOUBLE DOUBLE,
  V_DECIMAL DECIMAL(15,5),
  PRIMARY KEY (NAME)
);
*/

INSERT INTO T_ACCOUNT (ID,NAME,HEAD_IMG,INTRODUCTION) VALUES(1,'NAME-1',NULL,'1111111111111111111111111111111111111111111111111111111111111111111111111111111111111111111111111111111111111111111111111111111111111111111111111111111111111111111111111111111111111111111111111111111111111111111111111111111111111111111111111111111111111111111111111111111111111111111111');
INSERT INTO T_ACCOUNT (ID,NAME,HEAD_IMG,INTRODUCTION) VALUES(2,'NAME-2',NULL,'22222222222222
22222222222222
22222222222222');
INSERT INTO T_ACCOUNT (ID,NAME,HEAD_IMG,INTRODUCTION) VALUES(3,'NAME-3',NULL,'3');
INSERT INTO T_ACCOUNT (ID,NAME,HEAD_IMG,INTRODUCTION) VALUES(4,'NAME-44',NULL,'4');
INSERT INTO T_ACCOUNT (ID,NAME,HEAD_IMG,INTRODUCTION) VALUES(5,'NAME-55',NULL,'5');
INSERT INTO T_ACCOUNT (ID,NAME,HEAD_IMG,INTRODUCTION) VALUES(6,'NAME-6',NULL,'6');
INSERT INTO T_ACCOUNT (ID,NAME,HEAD_IMG,INTRODUCTION) VALUES(7,'NAME-7',NULL,'7');
INSERT INTO T_ACCOUNT (ID,NAME,HEAD_IMG,INTRODUCTION) VALUES(8,'NAME-8',NULL,'');
INSERT INTO T_ACCOUNT (ID,NAME,HEAD_IMG,INTRODUCTION) VALUES(9,'NAME-9',NULL,'9');
INSERT INTO T_ACCOUNT (ID,NAME,HEAD_IMG,INTRODUCTION) VALUES(10,'NAME-10',NULL,'10');
INSERT INTO T_ACCOUNT (ID,NAME,HEAD_IMG,INTRODUCTION) VALUES(11,'11',NULL,'11');
INSERT INTO T_ACCOUNT (ID,NAME,HEAD_IMG,INTRODUCTION) VALUES(12,'12',NULL,'12');
INSERT INTO T_ACCOUNT (ID,NAME,HEAD_IMG,INTRODUCTION) VALUES(13,'13',NULL,'13');

INSERT INTO T_ADDRESS (ACCOUNT_ID,CITY,STREET,RESIDENTIAL,HOUSE_NUMBER) VALUES(1,'CITY-1','STREET-1','RESIDENTIAL-1','RESIDENTIAL-1');
INSERT INTO T_ADDRESS (ACCOUNT_ID,CITY,STREET,RESIDENTIAL,HOUSE_NUMBER) VALUES(2,'CITY-22','STREET-2','RESIDENTIAL-2','RESIDENTIAL-2');
INSERT INTO T_ADDRESS (ACCOUNT_ID,CITY,STREET,RESIDENTIAL,HOUSE_NUMBER) VALUES(3,'CITY-33','STREET-3','RESIDENTIAL-3','RESIDENTIAL-3');
INSERT INTO T_ADDRESS (ACCOUNT_ID,CITY,STREET,RESIDENTIAL,HOUSE_NUMBER) VALUES(4,'CITY-44','STREET-4','RESIDENTIAL-4','RESIDENTIAL-4');
INSERT INTO T_ADDRESS (ACCOUNT_ID,CITY,STREET,RESIDENTIAL,HOUSE_NUMBER) VALUES(5,'CITY-5','STREET-5','RESIDENTIAL-5','RESIDENTIAL-5');
INSERT INTO T_ADDRESS (ACCOUNT_ID,CITY,STREET,RESIDENTIAL,HOUSE_NUMBER) VALUES(6,'CITY-6','STREET-6','RESIDENTIAL-6','RESIDENTIAL-6');
INSERT INTO T_ADDRESS (ACCOUNT_ID,CITY,STREET,RESIDENTIAL,HOUSE_NUMBER) VALUES(7,'CITY-7','STREET-7','RESIDENTIAL-7','RESIDENTIAL-7');
INSERT INTO T_ADDRESS (ACCOUNT_ID,CITY,STREET,RESIDENTIAL,HOUSE_NUMBER) VALUES(8,'CITY-8','STREET-8','RESIDENTIAL-8','RESIDENTIAL-8');
INSERT INTO T_ADDRESS (ACCOUNT_ID,CITY,STREET,RESIDENTIAL,HOUSE_NUMBER) VALUES(9,'CITY-9','STREET-9','RESIDENTIAL-9','RESIDENTIAL-9');
INSERT INTO T_ADDRESS (ACCOUNT_ID,CITY,STREET,RESIDENTIAL,HOUSE_NUMBER) VALUES(10,'10','10','10','10');
INSERT INTO T_ADDRESS (ACCOUNT_ID,CITY,STREET,RESIDENTIAL,HOUSE_NUMBER) VALUES(11,'11','11','11','11');

CREATE TABLE T_ADDRESS_TYPE
(
	ID INT,
	TYPE_NAME VARCHAR(50) NOT NULL,
	PRIMARY KEY (ID)
);

INSERT INTO T_ADDRESS_TYPE (ID,TYPE_NAME) VALUES(1,'WORK');
INSERT INTO T_ADDRESS_TYPE (ID,TYPE_NAME) VALUES(2,'HOME');

CREATE TABLE T_ADDRESS_MORE
(
	ACCOUNT_ID INT NOT NULL COMMENT '所属地址',
	ADDRESS VARCHAR(200) COMMENT '地址',
	ADDRESS_TYPE INT,
	ADDRESS_PHOTO BLOB COMMENT '地址照片',
	ADDRESS_DESC TEXT COMMENT '地址描述'
) COMMENT='更多住址';
ALTER TABLE T_ADDRESS_MORE ADD FOREIGN KEY (ACCOUNT_ID) REFERENCES T_ADDRESS (ACCOUNT_ID) ON DELETE CASCADE ON UPDATE CASCADE;
ALTER TABLE T_ADDRESS_MORE ADD FOREIGN KEY (ADDRESS_TYPE) REFERENCES T_ADDRESS_TYPE (ID);

INSERT INTO T_ADDRESS_MORE (ACCOUNT_ID,ADDRESS,ADDRESS_TYPE,ADDRESS_PHOTO,ADDRESS_DESC) VALUES(1,'',1,NULL,'99');
INSERT INTO T_ADDRESS_MORE (ACCOUNT_ID,ADDRESS,ADDRESS_TYPE,ADDRESS_PHOTO,ADDRESS_DESC) VALUES(2,NULL,2,NULL,NULL);
INSERT INTO T_ADDRESS_MORE (ACCOUNT_ID,ADDRESS,ADDRESS_TYPE,ADDRESS_PHOTO,ADDRESS_DESC) VALUES(3,NULL,1,NULL,'333333');

CREATE TABLE T_PRODUCT
(
	ID INT NOT NULL,
	NAME VARCHAR(20) NOT NULL COMMENT '商品名称',
	PRICE DECIMAL(10,2) NOT NULL COMMENT '价格',
	PRIMARY KEY (ID)
) COMMENT='商品';

INSERT INTO T_PRODUCT (ID,NAME,PRICE) VALUES(1,'1',1.15);
INSERT INTO T_PRODUCT (ID,NAME,PRICE) VALUES(2,'2',22.00);

CREATE TABLE T_ORDER
(
	ID INT NOT NULL,
	NAME VARCHAR(20) NOT NULL COMMENT '订单名称',
	ACCOUNT_ID INT COMMENT '所属帐号',
	DESCRIPTION VARCHAR(20) DEFAULT 'note' COMMENT '描述',
	STAR_LEVEL INT DEFAULT 1 COMMENT '星级',
	CREATE_TIME TIMESTAMP DEFAULT CURRENT_TIMESTAMP() COMMENT '创建日期',
	EDIT_TIME DATETIME COMMENT '编辑日期',
	PRIMARY KEY (ID)
) COMMENT='订单';
ALTER TABLE T_ORDER ADD FOREIGN KEY (ACCOUNT_ID) REFERENCES T_ACCOUNT (ID);

INSERT INTO T_ORDER (ID,NAME,ACCOUNT_ID,DESCRIPTION,STAR_LEVEL,CREATE_TIME,EDIT_TIME) VALUES(1,'1',1,'',NULL,NULL,NULL);

CREATE TABLE T_ORDER_PRODUCTS
(
	ORDER_ID INT NOT NULL COMMENT '订单',
	PRODUCT_ID INT NOT NULL COMMENT '商品'
) COMMENT='订单-商品';
ALTER TABLE T_ORDER_PRODUCTS ADD FOREIGN KEY (ORDER_ID) REFERENCES T_ORDER (ID) ON DELETE CASCADE ON UPDATE CASCADE;
ALTER TABLE T_ORDER_PRODUCTS ADD FOREIGN KEY (PRODUCT_ID) REFERENCES T_PRODUCT (ID) ON DELETE CASCADE ON UPDATE CASCADE;

CREATE TABLE T_PRODUCT_PRICE_HISTORY
(
	PRODUCT_ID INT NOT NULL COMMENT '商品',
	PRICE DECIMAL(10,2) NOT NULL COMMENT '价格'
);
ALTER TABLE T_PRODUCT_PRICE_HISTORY ADD FOREIGN KEY (PRODUCT_ID) REFERENCES T_PRODUCT (ID) ON DELETE CASCADE ON UPDATE CASCADE;

INSERT INTO T_PRODUCT_PRICE_HISTORY (PRODUCT_ID,PRICE) VALUES(1,1.10);
INSERT INTO T_PRODUCT_PRICE_HISTORY (PRODUCT_ID,PRICE) VALUES(1,1.20);
INSERT INTO T_PRODUCT_PRICE_HISTORY (PRODUCT_ID,PRICE) VALUES(1,1.30);
INSERT INTO T_PRODUCT_PRICE_HISTORY (PRODUCT_ID,PRICE) VALUES(1,1.40);

CREATE TABLE T_AUTO_GENERATED_KEYS
(
	ID INT NOT NULL AUTO_INCREMENT,
	NAME VARCHAR(20),
	CREATE_TIME TIMESTAMP DEFAULT CURRENT_TIMESTAMP(),
	PRIMARY KEY (ID)
);

INSERT INTO T_AUTO_GENERATED_KEYS (ID,NAME,CREATE_TIME) VALUES(1,'','2019-10-24 09:40:50');
INSERT INTO T_AUTO_GENERATED_KEYS (ID,NAME,CREATE_TIME) VALUES(2,'','2019-10-24 09:40:50');
INSERT INTO T_AUTO_GENERATED_KEYS (ID,NAME,CREATE_TIME) VALUES(3,'','2019-10-24 09:40:50');
INSERT INTO T_AUTO_GENERATED_KEYS (ID,NAME,CREATE_TIME) VALUES(4,'','2019-10-24 09:40:50');
INSERT INTO T_AUTO_GENERATED_KEYS (ID,NAME,CREATE_TIME) VALUES(5,'','2019-10-24 09:40:50');
INSERT INTO T_AUTO_GENERATED_KEYS (ID,NAME,CREATE_TIME) VALUES(6,'','2019-10-24 09:40:50');
INSERT INTO T_AUTO_GENERATED_KEYS (ID,NAME,CREATE_TIME) VALUES(7,'7','2019-10-24 09:40:50');
INSERT INTO T_AUTO_GENERATED_KEYS (ID,NAME,CREATE_TIME) VALUES(8,'','2019-10-24 09:40:50');
INSERT INTO T_AUTO_GENERATED_KEYS (ID,NAME,CREATE_TIME) VALUES(19,'19','2022-09-08 14:27:27');
INSERT INTO T_AUTO_GENERATED_KEYS (ID,NAME,CREATE_TIME) VALUES(22,NULL,'2022-09-08 14:28:33');

CREATE TABLE `T_PECULIAR_ACCOUNT_[a]b$c`
(
	ID INT NOT NULL,
	NAME VARCHAR(20) NOT NULL COMMENT '帐号名',
	HEAD_IMG BLOB COMMENT '头像图片',
	INTRODUCTION TEXT COMMENT '自我介绍',
	PRIMARY KEY (ID)
) COMMENT='帐号';

INSERT INTO `T_PECULIAR_ACCOUNT_[a]b$c` (ID,NAME,HEAD_IMG,INTRODUCTION) VALUES(1,'1',NULL,'1');

CREATE TABLE `T_PECULIAR_ADDRESS_[ab]c$d_1`
(
	ACCOUNT_ID INT COMMENT '所属帐号',
	CITY VARCHAR(50) COMMENT '城市',
	STREET VARCHAR(100) COMMENT '街道',
	RESIDENTIAL VARCHAR(100) COMMENT '住宅区',
	HOUSE_NUMBER VARCHAR(100) COMMENT '门牌号'
) COMMENT='住址';
ALTER TABLE `T_PECULIAR_ADDRESS_[ab]c$d_1` ADD FOREIGN KEY (ACCOUNT_ID) REFERENCES `T_PECULIAR_ACCOUNT_[a]b$c` (ID);
ALTER TABLE `T_PECULIAR_ADDRESS_[ab]c$d_1` ADD CONSTRAINT UK_ACCOUNT_ID UNIQUE (ACCOUNT_ID);

INSERT INTO `T_PECULIAR_ADDRESS_[ab]c$d_1` (ACCOUNT_ID,CITY,STREET,RESIDENTIAL,HOUSE_NUMBER) VALUES(1,'1','1','1','1');

CREATE TABLE `T_PECULIAR_ADDRESS_MORE_a$b[cde]f_1`
(
	ACCOUNT_ID INT NOT NULL COMMENT '所属地址',
	ADDRESS VARCHAR(200) COMMENT '地址',
	ADDRESS_PHOTO BLOB COMMENT '地址照片',
	ADDRESS_DESC TEXT COMMENT '地址描述',
	`PECULIAR_new$_t[a]b.lec<ol>1#` VARCHAR(50)
) COMMENT='更多住址';
ALTER TABLE `T_PECULIAR_ADDRESS_MORE_a$b[cde]f_1` ADD FOREIGN KEY (ACCOUNT_ID) REFERENCES `T_PECULIAR_ADDRESS_[ab]c$d_1` (ACCOUNT_ID) ON DELETE CASCADE ON UPDATE CASCADE;

INSERT INTO `T_PECULIAR_ADDRESS_MORE_a$b[cde]f_1` (ACCOUNT_ID,ADDRESS,ADDRESS_PHOTO,ADDRESS_DESC,`PECULIAR_new$_t[a]b.lec<ol>1#`) VALUES(1,'1',NULL,'1','123');

CREATE TABLE T_DATE
(
	ID INT NOT NULL,
	`DATE` DATE,
	`DATETIME` DATETIME,
	`TIME` TIME,
	`TIMESTAMP` TIMESTAMP,
	`YEAR` YEAR,
	PRIMARY KEY (ID)
);

INSERT INTO T_DATE (ID,DATE,DATETIME,TIME,TIMESTAMP,YEAR) VALUES(1,'2019-11-29','2019-11-25 02:49:01','02:21:00','2019-11-25 02:49:03',NULL);

CREATE TABLE T_ANALYSIS
(
	NAME VARCHAR(50) NOT NULL,
	VALUE DECIMAL(10,2) NOT NULL
);

INSERT INTO T_ANALYSIS (NAME,VALUE) VALUES('地区-1',50.00);
INSERT INTO T_ANALYSIS (NAME,VALUE) VALUES('地区-2',80.00);
INSERT INTO T_ANALYSIS (NAME,VALUE) VALUES('地区-3',30.00);
INSERT INTO T_ANALYSIS (NAME,VALUE) VALUES('地区-4',40.00);
INSERT INTO T_ANALYSIS (NAME,VALUE) VALUES('地区-5',20.00);
INSERT INTO T_ANALYSIS (NAME,VALUE) VALUES('地区-6',36.00);

CREATE TABLE T_ANALYSIS_1
(
	COL_NAME VARCHAR(50) NOT NULL,
	COL_DATE DATE NOT NULL,
	COL_VALUE DECIMAL(10,2) NOT NULL
);

INSERT INTO T_ANALYSIS_1 (COL_NAME,COL_DATE,COL_VALUE) VALUES('地区-1','2020-02-01',5.00);
INSERT INTO T_ANALYSIS_1 (COL_NAME,COL_DATE,COL_VALUE) VALUES('地区-1','2020-02-02',18.00);
INSERT INTO T_ANALYSIS_1 (COL_NAME,COL_DATE,COL_VALUE) VALUES('地区-1','2020-02-03',7.00);
INSERT INTO T_ANALYSIS_1 (COL_NAME,COL_DATE,COL_VALUE) VALUES('地区-1','2020-02-04',10.50);
INSERT INTO T_ANALYSIS_1 (COL_NAME,COL_DATE,COL_VALUE) VALUES('地区-1','2020-02-05',14.00);
INSERT INTO T_ANALYSIS_1 (COL_NAME,COL_DATE,COL_VALUE) VALUES('地区-1','2020-02-06',17.50);
INSERT INTO T_ANALYSIS_1 (COL_NAME,COL_DATE,COL_VALUE) VALUES('地区-1','2020-02-07',10.00);
INSERT INTO T_ANALYSIS_1 (COL_NAME,COL_DATE,COL_VALUE) VALUES('地区-1','2020-02-08',24.50);
INSERT INTO T_ANALYSIS_1 (COL_NAME,COL_DATE,COL_VALUE) VALUES('地区-1','2020-02-09',28.00);
INSERT INTO T_ANALYSIS_1 (COL_NAME,COL_DATE,COL_VALUE) VALUES('地区-1','2020-02-10',31.50);
INSERT INTO T_ANALYSIS_1 (COL_NAME,COL_DATE,COL_VALUE) VALUES('地区-2','2020-02-01',18.00);
INSERT INTO T_ANALYSIS_1 (COL_NAME,COL_DATE,COL_VALUE) VALUES('地区-2','2020-02-02',15.10);
INSERT INTO T_ANALYSIS_1 (COL_NAME,COL_DATE,COL_VALUE) VALUES('地区-2','2020-02-03',10.20);
INSERT INTO T_ANALYSIS_1 (COL_NAME,COL_DATE,COL_VALUE) VALUES('地区-2','2020-02-04',15.30);
INSERT INTO T_ANALYSIS_1 (COL_NAME,COL_DATE,COL_VALUE) VALUES('地区-2','2020-02-05',20.40);
INSERT INTO T_ANALYSIS_1 (COL_NAME,COL_DATE,COL_VALUE) VALUES('地区-2','2020-02-06',25.50);
INSERT INTO T_ANALYSIS_1 (COL_NAME,COL_DATE,COL_VALUE) VALUES('地区-2','2020-02-07',30.60);
INSERT INTO T_ANALYSIS_1 (COL_NAME,COL_DATE,COL_VALUE) VALUES('地区-2','2020-02-08',35.70);
INSERT INTO T_ANALYSIS_1 (COL_NAME,COL_DATE,COL_VALUE) VALUES('地区-2','2020-02-09',40.80);
INSERT INTO T_ANALYSIS_1 (COL_NAME,COL_DATE,COL_VALUE) VALUES('地区-2','2020-02-10',45.90);
INSERT INTO T_ANALYSIS_1 (COL_NAME,COL_DATE,COL_VALUE) VALUES('地区-3','2020-02-01',62.00);
INSERT INTO T_ANALYSIS_1 (COL_NAME,COL_DATE,COL_VALUE) VALUES('地区-3','2020-02-02',18.30);
INSERT INTO T_ANALYSIS_1 (COL_NAME,COL_DATE,COL_VALUE) VALUES('地区-3','2020-02-03',16.60);
INSERT INTO T_ANALYSIS_1 (COL_NAME,COL_DATE,COL_VALUE) VALUES('地区-3','2020-02-04',24.90);
INSERT INTO T_ANALYSIS_1 (COL_NAME,COL_DATE,COL_VALUE) VALUES('地区-3','2020-02-05',33.20);
INSERT INTO T_ANALYSIS_1 (COL_NAME,COL_DATE,COL_VALUE) VALUES('地区-3','2020-02-06',41.50);
INSERT INTO T_ANALYSIS_1 (COL_NAME,COL_DATE,COL_VALUE) VALUES('地区-3','2020-02-07',49.80);
INSERT INTO T_ANALYSIS_1 (COL_NAME,COL_DATE,COL_VALUE) VALUES('地区-3','2020-02-08',58.10);
INSERT INTO T_ANALYSIS_1 (COL_NAME,COL_DATE,COL_VALUE) VALUES('地区-3','2020-02-09',66.40);
INSERT INTO T_ANALYSIS_1 (COL_NAME,COL_DATE,COL_VALUE) VALUES('地区-3','2020-02-10',74.70);

CREATE TABLE T_ANALYSIS_2
(
	COL_NAME VARCHAR(50) NOT NULL,
	COL_X DECIMAL(10,2) NOT NULL,
	COL_Y DECIMAL(10,2) NOT NULL
);

INSERT INTO T_ANALYSIS_2 (COL_NAME,COL_X,COL_Y) VALUES('北京',2.10,3.10);
INSERT INTO T_ANALYSIS_2 (COL_NAME,COL_X,COL_Y) VALUES('北京',4.20,2.10);
INSERT INTO T_ANALYSIS_2 (COL_NAME,COL_X,COL_Y) VALUES('北京',6.30,9.30);
INSERT INTO T_ANALYSIS_2 (COL_NAME,COL_X,COL_Y) VALUES('北京',8.40,12.40);
INSERT INTO T_ANALYSIS_2 (COL_NAME,COL_X,COL_Y) VALUES('北京',10.50,15.50);
INSERT INTO T_ANALYSIS_2 (COL_NAME,COL_X,COL_Y) VALUES('北京',12.60,35.00);
INSERT INTO T_ANALYSIS_2 (COL_NAME,COL_X,COL_Y) VALUES('北京',14.70,21.70);
INSERT INTO T_ANALYSIS_2 (COL_NAME,COL_X,COL_Y) VALUES('北京',16.80,24.80);
INSERT INTO T_ANALYSIS_2 (COL_NAME,COL_X,COL_Y) VALUES('北京',18.90,15.60);
INSERT INTO T_ANALYSIS_2 (COL_NAME,COL_X,COL_Y) VALUES('北京',21.00,31.00);
INSERT INTO T_ANALYSIS_2 (COL_NAME,COL_X,COL_Y) VALUES('湖北',2.10,8.10);
INSERT INTO T_ANALYSIS_2 (COL_NAME,COL_X,COL_Y) VALUES('湖北',4.20,16.20);
INSERT INTO T_ANALYSIS_2 (COL_NAME,COL_X,COL_Y) VALUES('湖北',6.30,24.30);
INSERT INTO T_ANALYSIS_2 (COL_NAME,COL_X,COL_Y) VALUES('湖北',8.40,32.40);
INSERT INTO T_ANALYSIS_2 (COL_NAME,COL_X,COL_Y) VALUES('湖北',10.50,40.50);
INSERT INTO T_ANALYSIS_2 (COL_NAME,COL_X,COL_Y) VALUES('湖北',12.60,48.60);
INSERT INTO T_ANALYSIS_2 (COL_NAME,COL_X,COL_Y) VALUES('湖北',14.70,56.70);
INSERT INTO T_ANALYSIS_2 (COL_NAME,COL_X,COL_Y) VALUES('湖北',16.80,64.80);
INSERT INTO T_ANALYSIS_2 (COL_NAME,COL_X,COL_Y) VALUES('湖北',18.90,72.90);
INSERT INTO T_ANALYSIS_2 (COL_NAME,COL_X,COL_Y) VALUES('湖北',21.00,81.00);
INSERT INTO T_ANALYSIS_2 (COL_NAME,COL_X,COL_Y) VALUES('上海',2.10,5.30);
INSERT INTO T_ANALYSIS_2 (COL_NAME,COL_X,COL_Y) VALUES('上海',4.20,20.00);
INSERT INTO T_ANALYSIS_2 (COL_NAME,COL_X,COL_Y) VALUES('上海',6.30,15.90);
INSERT INTO T_ANALYSIS_2 (COL_NAME,COL_X,COL_Y) VALUES('上海',8.40,21.20);
INSERT INTO T_ANALYSIS_2 (COL_NAME,COL_X,COL_Y) VALUES('上海',10.50,14.60);
INSERT INTO T_ANALYSIS_2 (COL_NAME,COL_X,COL_Y) VALUES('上海',12.60,31.80);
INSERT INTO T_ANALYSIS_2 (COL_NAME,COL_X,COL_Y) VALUES('上海',14.71,30.10);
INSERT INTO T_ANALYSIS_2 (COL_NAME,COL_X,COL_Y) VALUES('上海',16.80,42.40);
INSERT INTO T_ANALYSIS_2 (COL_NAME,COL_X,COL_Y) VALUES('上海',18.90,47.70);
INSERT INTO T_ANALYSIS_2 (COL_NAME,COL_X,COL_Y) VALUES('上海',21.00,30.00);
INSERT INTO T_ANALYSIS_2 (COL_NAME,COL_X,COL_Y) VALUES('地区-1',1.00,3.00);
INSERT INTO T_ANALYSIS_2 (COL_NAME,COL_X,COL_Y) VALUES('地区-1',2.00,9.00);
INSERT INTO T_ANALYSIS_2 (COL_NAME,COL_X,COL_Y) VALUES('地区-1',3.00,5.00);
INSERT INTO T_ANALYSIS_2 (COL_NAME,COL_X,COL_Y) VALUES('地区-1',4.00,15.00);
INSERT INTO T_ANALYSIS_2 (COL_NAME,COL_X,COL_Y) VALUES('地区-1',5.00,37.00);
INSERT INTO T_ANALYSIS_2 (COL_NAME,COL_X,COL_Y) VALUES('地区-1',6.00,3.00);
INSERT INTO T_ANALYSIS_2 (COL_NAME,COL_X,COL_Y) VALUES('地区-1',7.00,19.00);
INSERT INTO T_ANALYSIS_2 (COL_NAME,COL_X,COL_Y) VALUES('地区-1',8.00,9.00);

CREATE TABLE T_ANALYSIS_MAP
(
    COL_NAME VARCHAR(50) NOT NULL,
    COL_VALUE DECIMAL(10,2) NOT NULL,
    COL_LONGITUDE DECIMAL(12,6),
    COL_LATITUDE DECIMAL(12,6),
	PRIMARY KEY (COL_NAME)
);

INSERT INTO T_ANALYSIS_MAP (COL_NAME,COL_VALUE,COL_LONGITUDE,COL_LATITUDE) VALUES('上海',15.73,121.480003,31.219999);
INSERT INTO T_ANALYSIS_MAP (COL_NAME,COL_VALUE,COL_LONGITUDE,COL_LATITUDE) VALUES('云南',13.00,102.730003,25.040001);
INSERT INTO T_ANALYSIS_MAP (COL_NAME,COL_VALUE,COL_LONGITUDE,COL_LATITUDE) VALUES('内蒙古',10.00,111.650002,40.820000);
INSERT INTO T_ANALYSIS_MAP (COL_NAME,COL_VALUE,COL_LONGITUDE,COL_LATITUDE) VALUES('北京',150.00,116.459999,39.919998);
INSERT INTO T_ANALYSIS_MAP (COL_NAME,COL_VALUE,COL_LONGITUDE,COL_LATITUDE) VALUES('台湾',20.00,NULL,NULL);
INSERT INTO T_ANALYSIS_MAP (COL_NAME,COL_VALUE,COL_LONGITUDE,COL_LATITUDE) VALUES('吉林',7.00,NULL,NULL);
INSERT INTO T_ANALYSIS_MAP (COL_NAME,COL_VALUE,COL_LONGITUDE,COL_LATITUDE) VALUES('四川',18.00,NULL,NULL);
INSERT INTO T_ANALYSIS_MAP (COL_NAME,COL_VALUE,COL_LONGITUDE,COL_LATITUDE) VALUES('宁夏',15.00,NULL,NULL);
INSERT INTO T_ANALYSIS_MAP (COL_NAME,COL_VALUE,COL_LONGITUDE,COL_LATITUDE) VALUES('安徽',30.00,NULL,NULL);
INSERT INTO T_ANALYSIS_MAP (COL_NAME,COL_VALUE,COL_LONGITUDE,COL_LATITUDE) VALUES('山东',120.00,NULL,NULL);
INSERT INTO T_ANALYSIS_MAP (COL_NAME,COL_VALUE,COL_LONGITUDE,COL_LATITUDE) VALUES('山西',140.00,NULL,NULL);
INSERT INTO T_ANALYSIS_MAP (COL_NAME,COL_VALUE,COL_LONGITUDE,COL_LATITUDE) VALUES('广东',30.00,NULL,NULL);
INSERT INTO T_ANALYSIS_MAP (COL_NAME,COL_VALUE,COL_LONGITUDE,COL_LATITUDE) VALUES('广西',15.00,NULL,NULL);
INSERT INTO T_ANALYSIS_MAP (COL_NAME,COL_VALUE,COL_LONGITUDE,COL_LATITUDE) VALUES('新疆',3.00,87.680000,43.770000);
INSERT INTO T_ANALYSIS_MAP (COL_NAME,COL_VALUE,COL_LONGITUDE,COL_LATITUDE) VALUES('江苏',60.00,118.779999,32.040001);
INSERT INTO T_ANALYSIS_MAP (COL_NAME,COL_VALUE,COL_LONGITUDE,COL_LATITUDE) VALUES('江西',31.00,NULL,NULL);
INSERT INTO T_ANALYSIS_MAP (COL_NAME,COL_VALUE,COL_LONGITUDE,COL_LATITUDE) VALUES('河北',180.00,NULL,NULL);
INSERT INTO T_ANALYSIS_MAP (COL_NAME,COL_VALUE,COL_LONGITUDE,COL_LATITUDE) VALUES('河南',110.00,113.650002,34.759998);
INSERT INTO T_ANALYSIS_MAP (COL_NAME,COL_VALUE,COL_LONGITUDE,COL_LATITUDE) VALUES('浙江',30.00,NULL,NULL);
INSERT INTO T_ANALYSIS_MAP (COL_NAME,COL_VALUE,COL_LONGITUDE,COL_LATITUDE) VALUES('海南',5.00,NULL,NULL);
INSERT INTO T_ANALYSIS_MAP (COL_NAME,COL_VALUE,COL_LONGITUDE,COL_LATITUDE) VALUES('湖北',40.00,NULL,NULL);
INSERT INTO T_ANALYSIS_MAP (COL_NAME,COL_VALUE,COL_LONGITUDE,COL_LATITUDE) VALUES('湖南',33.00,NULL,NULL);
INSERT INTO T_ANALYSIS_MAP (COL_NAME,COL_VALUE,COL_LONGITUDE,COL_LATITUDE) VALUES('甘肃',20.00,103.730003,36.029999);
INSERT INTO T_ANALYSIS_MAP (COL_NAME,COL_VALUE,COL_LONGITUDE,COL_LATITUDE) VALUES('福建',15.00,NULL,NULL);
INSERT INTO T_ANALYSIS_MAP (COL_NAME,COL_VALUE,COL_LONGITUDE,COL_LATITUDE) VALUES('贵州',20.00,NULL,NULL);
INSERT INTO T_ANALYSIS_MAP (COL_NAME,COL_VALUE,COL_LONGITUDE,COL_LATITUDE) VALUES('辽宁',60.00,NULL,NULL);
INSERT INTO T_ANALYSIS_MAP (COL_NAME,COL_VALUE,COL_LONGITUDE,COL_LATITUDE) VALUES('重庆',13.00,106.540001,29.590000);
INSERT INTO T_ANALYSIS_MAP (COL_NAME,COL_VALUE,COL_LONGITUDE,COL_LATITUDE) VALUES('陕西',60.00,NULL,NULL);
INSERT INTO T_ANALYSIS_MAP (COL_NAME,COL_VALUE,COL_LONGITUDE,COL_LATITUDE) VALUES('黑龙江',5.00,126.629997,45.750000);

CREATE TABLE T_ANALYSIS_MAP_1
(
  COL_NAME VARCHAR(50),
  COL_VALUE DECIMAL(10),
  COL_PARENT VARCHAR(50)
);

INSERT INTO T_ANALYSIS_MAP_1 (COL_NAME,COL_VALUE,COL_PARENT) VALUES('北京',200,'中国');
INSERT INTO T_ANALYSIS_MAP_1 (COL_NAME,COL_VALUE,COL_PARENT) VALUES('内蒙古',50,'中国');
INSERT INTO T_ANALYSIS_MAP_1 (COL_NAME,COL_VALUE,COL_PARENT) VALUES('辽宁',100,'中国');
INSERT INTO T_ANALYSIS_MAP_1 (COL_NAME,COL_VALUE,COL_PARENT) VALUES('山东',160,'中国');
INSERT INTO T_ANALYSIS_MAP_1 (COL_NAME,COL_VALUE,COL_PARENT) VALUES('山西',160,'中国');
INSERT INTO T_ANALYSIS_MAP_1 (COL_NAME,COL_VALUE,COL_PARENT) VALUES('河北',230,'中国');
INSERT INTO T_ANALYSIS_MAP_1 (COL_NAME,COL_VALUE,COL_PARENT) VALUES('海淀区',200,'北京');
INSERT INTO T_ANALYSIS_MAP_1 (COL_NAME,COL_VALUE,COL_PARENT) VALUES('昌平区',160,'北京');
INSERT INTO T_ANALYSIS_MAP_1 (COL_NAME,COL_VALUE,COL_PARENT) VALUES('西城区',180,'北京');
INSERT INTO T_ANALYSIS_MAP_1 (COL_NAME,COL_VALUE,COL_PARENT) VALUES('怀柔区',130,'北京');
INSERT INTO T_ANALYSIS_MAP_1 (COL_NAME,COL_VALUE,COL_PARENT) VALUES('朝阳区',195,'北京');
INSERT INTO T_ANALYSIS_MAP_1 (COL_NAME,COL_VALUE,COL_PARENT) VALUES('济南市',160,'山东');
INSERT INTO T_ANALYSIS_MAP_1 (COL_NAME,COL_VALUE,COL_PARENT) VALUES('德州市',80,'山东');
INSERT INTO T_ANALYSIS_MAP_1 (COL_NAME,COL_VALUE,COL_PARENT) VALUES('烟台市',40,'山东');
INSERT INTO T_ANALYSIS_MAP_1 (COL_NAME,COL_VALUE,COL_PARENT) VALUES('青岛市',10,'山东');
INSERT INTO T_ANALYSIS_MAP_1 (COL_NAME,COL_VALUE,COL_PARENT) VALUES('历下区',50,'济南市');
INSERT INTO T_ANALYSIS_MAP_1 (COL_NAME,COL_VALUE,COL_PARENT) VALUES('市中区',7800,'济南市');
INSERT INTO T_ANALYSIS_MAP_1 (COL_NAME,COL_VALUE,COL_PARENT) VALUES('历城区',150,'济南市');
INSERT INTO T_ANALYSIS_MAP_1 (COL_NAME,COL_VALUE,COL_PARENT) VALUES('城阳区',5,'青岛市');
INSERT INTO T_ANALYSIS_MAP_1 (COL_NAME,COL_VALUE,COL_PARENT) VALUES('黄岛区',3000,'青岛市');

CREATE TABLE T_TIME_SERIES
(
  COL_TIME VARCHAR(50),
  COL_VALUE DECIMAL(10,2)
);

INSERT INTO T_TIME_SERIES (COL_TIME,COL_VALUE) VALUES('10:41:00',10.00);
INSERT INTO T_TIME_SERIES (COL_TIME,COL_VALUE) VALUES('10:41:01',2.00);
INSERT INTO T_TIME_SERIES (COL_TIME,COL_VALUE) VALUES('10:41:02',3.00);
INSERT INTO T_TIME_SERIES (COL_TIME,COL_VALUE) VALUES('10:41:03',8.00);
INSERT INTO T_TIME_SERIES (COL_TIME,COL_VALUE) VALUES('10:41:04',20.00);
INSERT INTO T_TIME_SERIES (COL_TIME,COL_VALUE) VALUES('10:41:05',18.00);
INSERT INTO T_TIME_SERIES (COL_TIME,COL_VALUE) VALUES('10:41:06',7.00);
INSERT INTO T_TIME_SERIES (COL_TIME,COL_VALUE) VALUES('10:41:07',8.00);
INSERT INTO T_TIME_SERIES (COL_TIME,COL_VALUE) VALUES('10:41:08',9.00);
INSERT INTO T_TIME_SERIES (COL_TIME,COL_VALUE) VALUES('10:41:09',10.00);
INSERT INTO T_TIME_SERIES (COL_TIME,COL_VALUE) VALUES('10:41:10',21.00);
INSERT INTO T_TIME_SERIES (COL_TIME,COL_VALUE) VALUES('10:41:11',12.00);
INSERT INTO T_TIME_SERIES (COL_TIME,COL_VALUE) VALUES('10:41:12',15.00);
INSERT INTO T_TIME_SERIES (COL_TIME,COL_VALUE) VALUES('10:41:13',14.00);
INSERT INTO T_TIME_SERIES (COL_TIME,COL_VALUE) VALUES('10:41:14',15.00);
INSERT INTO T_TIME_SERIES (COL_TIME,COL_VALUE) VALUES('10:41:15',16.00);
INSERT INTO T_TIME_SERIES (COL_TIME,COL_VALUE) VALUES('10:41:16',17.00);
INSERT INTO T_TIME_SERIES (COL_TIME,COL_VALUE) VALUES('10:41:17',10.00);
INSERT INTO T_TIME_SERIES (COL_TIME,COL_VALUE) VALUES('10:41:18',19.00);
INSERT INTO T_TIME_SERIES (COL_TIME,COL_VALUE) VALUES('10:41:19',20.00);
INSERT INTO T_TIME_SERIES (COL_TIME,COL_VALUE) VALUES('10:41:20',21.00);
INSERT INTO T_TIME_SERIES (COL_TIME,COL_VALUE) VALUES('10:41:21',22.00);
INSERT INTO T_TIME_SERIES (COL_TIME,COL_VALUE) VALUES('10:41:22',23.00);
INSERT INTO T_TIME_SERIES (COL_TIME,COL_VALUE) VALUES('10:41:23',24.00);
INSERT INTO T_TIME_SERIES (COL_TIME,COL_VALUE) VALUES('10:41:24',25.00);
INSERT INTO T_TIME_SERIES (COL_TIME,COL_VALUE) VALUES('10:41:25',26.00);
INSERT INTO T_TIME_SERIES (COL_TIME,COL_VALUE) VALUES('10:41:26',27.00);
INSERT INTO T_TIME_SERIES (COL_TIME,COL_VALUE) VALUES('10:41:27',28.00);
INSERT INTO T_TIME_SERIES (COL_TIME,COL_VALUE) VALUES('10:41:28',29.00);
INSERT INTO T_TIME_SERIES (COL_TIME,COL_VALUE) VALUES('10:41:29',25.00);
INSERT INTO T_TIME_SERIES (COL_TIME,COL_VALUE) VALUES('10:41:30',31.00);
INSERT INTO T_TIME_SERIES (COL_TIME,COL_VALUE) VALUES('10:41:31',32.00);
INSERT INTO T_TIME_SERIES (COL_TIME,COL_VALUE) VALUES('10:41:32',33.00);
INSERT INTO T_TIME_SERIES (COL_TIME,COL_VALUE) VALUES('10:41:33',34.00);
INSERT INTO T_TIME_SERIES (COL_TIME,COL_VALUE) VALUES('10:41:34',35.00);
INSERT INTO T_TIME_SERIES (COL_TIME,COL_VALUE) VALUES('10:41:35',36.00);
INSERT INTO T_TIME_SERIES (COL_TIME,COL_VALUE) VALUES('10:41:36',37.00);
INSERT INTO T_TIME_SERIES (COL_TIME,COL_VALUE) VALUES('10:41:37',38.00);
INSERT INTO T_TIME_SERIES (COL_TIME,COL_VALUE) VALUES('10:41:38',39.00);
INSERT INTO T_TIME_SERIES (COL_TIME,COL_VALUE) VALUES('10:41:39',40.00);
INSERT INTO T_TIME_SERIES (COL_TIME,COL_VALUE) VALUES('10:41:40',41.00);
INSERT INTO T_TIME_SERIES (COL_TIME,COL_VALUE) VALUES('10:41:41',42.00);
INSERT INTO T_TIME_SERIES (COL_TIME,COL_VALUE) VALUES('10:41:42',35.00);
INSERT INTO T_TIME_SERIES (COL_TIME,COL_VALUE) VALUES('10:41:43',36.00);
INSERT INTO T_TIME_SERIES (COL_TIME,COL_VALUE) VALUES('10:41:44',45.00);
INSERT INTO T_TIME_SERIES (COL_TIME,COL_VALUE) VALUES('10:41:45',46.00);
INSERT INTO T_TIME_SERIES (COL_TIME,COL_VALUE) VALUES('10:41:46',47.00);
INSERT INTO T_TIME_SERIES (COL_TIME,COL_VALUE) VALUES('10:41:47',48.00);
INSERT INTO T_TIME_SERIES (COL_TIME,COL_VALUE) VALUES('10:41:48',49.00);
INSERT INTO T_TIME_SERIES (COL_TIME,COL_VALUE) VALUES('10:41:49',50.00);
INSERT INTO T_TIME_SERIES (COL_TIME,COL_VALUE) VALUES('10:41:50',51.00);
INSERT INTO T_TIME_SERIES (COL_TIME,COL_VALUE) VALUES('10:41:51',48.00);
INSERT INTO T_TIME_SERIES (COL_TIME,COL_VALUE) VALUES('10:41:52',53.00);
INSERT INTO T_TIME_SERIES (COL_TIME,COL_VALUE) VALUES('10:41:53',54.00);
INSERT INTO T_TIME_SERIES (COL_TIME,COL_VALUE) VALUES('10:41:54',55.00);
INSERT INTO T_TIME_SERIES (COL_TIME,COL_VALUE) VALUES('10:41:55',56.00);
INSERT INTO T_TIME_SERIES (COL_TIME,COL_VALUE) VALUES('10:41:56',57.00);
INSERT INTO T_TIME_SERIES (COL_TIME,COL_VALUE) VALUES('10:41:57',58.00);
INSERT INTO T_TIME_SERIES (COL_TIME,COL_VALUE) VALUES('10:41:58',59.00);
INSERT INTO T_TIME_SERIES (COL_TIME,COL_VALUE) VALUES('10:41:59',60.00);

CREATE TABLE t_analysis_dnn
(
  x DATE,
  y INT,
  v INT
);

INSERT INTO t_analysis_dnn (x,y,v) VALUES('2021-10-01',3,5);
INSERT INTO t_analysis_dnn (x,y,v) VALUES('2021-10-02',2,8);
INSERT INTO t_analysis_dnn (x,y,v) VALUES('2021-10-03',6,2);
INSERT INTO t_analysis_dnn (x,y,v) VALUES('2021-10-04',1,5);
INSERT INTO t_analysis_dnn (x,y,v) VALUES('2021-10-05',9,10);
INSERT INTO t_analysis_dnn (x,y,v) VALUES('2021-11-01',3,5);
INSERT INTO t_analysis_dnn (x,y,v) VALUES('2021-11-02',2,4);
INSERT INTO t_analysis_dnn (x,y,v) VALUES('2021-11-03',6,8);
INSERT INTO t_analysis_dnn (x,y,v) VALUES('2021-11-04',1,3);
INSERT INTO t_analysis_dnn (x,y,v) VALUES('2021-11-05',9,6);

CREATE TABLE t_big_number
(
  id INT(11) NOT NULL,
  v_bigint BIGINT(20),
  v_number DECIMAL(20),
  PRIMARY KEY (id)
);

INSERT INTO t_big_number (id,v_bigint,v_number) VALUES(1,9223372036854775807,9223372036854775807);
INSERT INTO t_big_number (id,v_bigint,v_number) VALUES(2,9223372036854775806,9223372036854775806);

CREATE TABLE t_dept
(
  id VARCHAR(50),
  name VARCHAR(50)
);

INSERT INTO t_dept (id,name) VALUES('dept-01','部门一');
INSERT INTO t_dept (id,name) VALUES('dept-02','部门二');
INSERT INTO t_dept (id,name) VALUES('dept-03','部门三');

CREATE TABLE t_profit
(
  dept_id VARCHAR(50),
  year VARCHAR(50),
  month VARCHAR(50),
  profit DECIMAL(6,2)
);

INSERT INTO t_profit (dept_id,year,month,profit) VALUES('dept-01','2020','01',5.00);
INSERT INTO t_profit (dept_id,year,month,profit) VALUES('dept-01','2020','02',6.00);
INSERT INTO t_profit (dept_id,year,month,profit) VALUES('dept-01','2020','03',3.00);
INSERT INTO t_profit (dept_id,year,month,profit) VALUES('dept-01','2021','01',5.00);
INSERT INTO t_profit (dept_id,year,month,profit) VALUES('dept-01','2021','02',6.00);
INSERT INTO t_profit (dept_id,year,month,profit) VALUES('dept-01','2021','03',4.50);
INSERT INTO t_profit (dept_id,year,month,profit) VALUES('dept-02','2020','01',4.00);
INSERT INTO t_profit (dept_id,year,month,profit) VALUES('dept-02','2020','02',3.00);
INSERT INTO t_profit (dept_id,year,month,profit) VALUES('dept-02','2020','03',5.20);
INSERT INTO t_profit (dept_id,year,month,profit) VALUES('dept-02','2021','01',5.00);
INSERT INTO t_profit (dept_id,year,month,profit) VALUES('dept-02','2021','02',8.00);
INSERT INTO t_profit (dept_id,year,month,profit) VALUES('dept-02','2021','03',6.90);
INSERT INTO t_profit (dept_id,year,month,profit) VALUES('dept-03','2020','01',6.50);
INSERT INTO t_profit (dept_id,year,month,profit) VALUES('dept-03','2020','02',3.00);
INSERT INTO t_profit (dept_id,year,month,profit) VALUES('dept-03','2020','03',7.00);
INSERT INTO t_profit (dept_id,year,month,profit) VALUES('dept-03','2021','01',3.00);
INSERT INTO t_profit (dept_id,year,month,profit) VALUES('dept-03','2021','02',4.00);
INSERT INTO t_profit (dept_id,year,month,profit) VALUES('dept-03','2021','03',3.50);

CREATE TABLE t_sale
(
  dept_id VARCHAR(50),
  year VARCHAR(50),
  month VARCHAR(50),
  sale DECIMAL(6,2)
);

INSERT INTO t_sale (dept_id,year,month,sale) VALUES('dept-01','2020','01',50.00);
INSERT INTO t_sale (dept_id,year,month,sale) VALUES('dept-01','2020','02',60.00);
INSERT INTO t_sale (dept_id,year,month,sale) VALUES('dept-01','2020','03',35.00);
INSERT INTO t_sale (dept_id,year,month,sale) VALUES('dept-01','2021','01',50.00);
INSERT INTO t_sale (dept_id,year,month,sale) VALUES('dept-01','2021','02',20.00);
INSERT INTO t_sale (dept_id,year,month,sale) VALUES('dept-01','2021','03',35.00);
INSERT INTO t_sale (dept_id,year,month,sale) VALUES('dept-02','2020','01',40.00);
INSERT INTO t_sale (dept_id,year,month,sale) VALUES('dept-02','2020','02',30.00);
INSERT INTO t_sale (dept_id,year,month,sale) VALUES('dept-02','2020','03',50.00);
INSERT INTO t_sale (dept_id,year,month,sale) VALUES('dept-02','2021','01',50.00);
INSERT INTO t_sale (dept_id,year,month,sale) VALUES('dept-02','2021','02',80.00);
INSERT INTO t_sale (dept_id,year,month,sale) VALUES('dept-02','2021','03',60.00);
INSERT INTO t_sale (dept_id,year,month,sale) VALUES('dept-03','2020','01',65.00);
INSERT INTO t_sale (dept_id,year,month,sale) VALUES('dept-03','2020','02',90.00);
INSERT INTO t_sale (dept_id,year,month,sale) VALUES('dept-03','2020','03',70.00);
INSERT INTO t_sale (dept_id,year,month,sale) VALUES('dept-03','2021','01',30.00);
INSERT INTO t_sale (dept_id,year,month,sale) VALUES('dept-03','2021','02',40.00);
INSERT INTO t_sale (dept_id,year,month,sale) VALUES('dept-03','2021','03',80.00);

CREATE TABLE t_id_big_number
(
  id BIGINT(20) NOT NULL,
  value BIGINT(20),
  PRIMARY KEY (id)
);

INSERT INTO t_id_big_number (id,value) VALUES(11,11);
INSERT INTO t_id_big_number (id,value) VALUES(9223372036854775807,9223372036854775807);
