{
	id: "org.datagear.chart.scatter",
	nameLabel: { value: "气泡图", localeValues: { "en": "Basic scatter" } },
	icons: "icon.png",
	dataSigns:
	[
		{
			name: "name",
			nameLabel: { value: "名称", localeValues: { "en": "Name" } },
			descLabel:
			{
				value: "气泡图横坐标，可以是坐标数值、指标名称",
				localeValues: { "en": "The x axis value of scatter chart, may be number or text" }
			},
			required: true,
			multiple: false
		},
		{
			name: "value",
			nameLabel: { value: "数值", localeValues: { "en": "Value" } },
			descLabel:
			{
				value: "气泡图纵坐标，必须是数值，可以标记多列，每一列都绘制为一组散点",
				localeValues: { "en": "The y axis value of scatter chart, must be number, can sign multiple columns, each column will be rendered as a scatter series" }
			},
			required: true,
			multiple: true
		}
	],
	version: "3.2.0",
	order: 500,
	category:
	{
		name: "scatter",
		nameLabel: { value: "散点图", localeValues: { "en": "Scatter" } },
		order: 500
	},
	chartRenderer:
	{
		render: function(chart)
		{
			chartFactory.chartSupport.scatterRender(chart);
		},
		update: function(chart, results)
		{
			chartFactory.chartSupport.scatterUpdate(chart, results);
		},
		resize: function(chart)
		{
			chartFactory.chartSupport.scatterResize(chart);
		},
		destroy: function(chart)
		{
			chartFactory.chartSupport.scatterDestroy(chart);
		},
		on: function(chart, eventType, handler)
		{
			chartFactory.chartSupport.scatterOn(chart, eventType, handler);
		},
		off: function(chart, eventType, handler)
		{
			chartFactory.chartSupport.scatterOff(chart, eventType, handler);
		}
	}
}