{
	id: "org.datagear.chart.funnel.pyramid",
	nameLabel: { value: "金字塔图", localeValues: { "en": "Pyramid" } },
	icons: "icon.png",
	dataSigns:
	[
		{
			name: "name",
			nameLabel: { value: "名称", localeValues: { "en": "Name" } },
			descLabel:
			{
				value: "金字塔图层级名称",
				localeValues: { "en": "The hierarchy name of pyramid chart" }
			},
			required: true,
			multiple: false
		},
		{
			name: "value",
			nameLabel: { value: "数值", localeValues: { "en": "Value" } },
			descLabel:
			{
				value: "金字塔图层级数值",
				localeValues: { "en": "The hierarchy value of pyramid chart" }
			},
			required: true,
			multiple: false
		}
	],
	version: "3.2.0",
	order: 705,
	category: "funnel",
	chartRenderer:
	{
		render: function(chart)
		{
			var options = { dgSort: "ascending" };
			chartFactory.chartSupport.funnelRender(chart, "name", "value", options);
		},
		update: function(chart, results)
		{
			chartFactory.chartSupport.funnelUpdate(chart, results);
		},
		resize: function(chart)
		{
			chartFactory.chartSupport.funnelResize(chart);
		},
		destroy: function(chart)
		{
			chartFactory.chartSupport.funnelDestroy(chart);
		},
		on: function(chart, eventType, handler)
		{
			chartFactory.chartSupport.funnelOn(chart, eventType, handler);
		},
		off: function(chart, eventType, handler)
		{
			chartFactory.chartSupport.funnelOff(chart, eventType, handler);
		}
	}
}