{
	id: "org.datagear.chart.pie.nest",
	nameLabel: { value: "嵌套饼图", localeValues: { "en": "Nest pie" } },descLabel:
	{
		value: "嵌套饼图通常由两个以上数据集组成，每个数据集都绘制为一个嵌套层级",
		localeValues: { "en": "Nest pie normally contains two or more data set, each will be rendered as a nest level." }
	},
	icons : "icon.png",
	dataSigns:
	[
		{
			name: "name",
			nameLabel: { value: "名称", localeValues: { "en": "Name" } },
			descLabel:
			{
				value: "饼图扇面名称",
				localeValues: { "en": "The sector name of pie chart" }
			},
			required: true,
			multiple: false
		},
		{
			name: "value",
			nameLabel: { value: "数值", localeValues: { "en": "Value" } },
			descLabel:
			{
				value: "饼图扇面数值",
				localeValues: { "en": "The sector value of pie chart" }
			},
			required: true,
			multiple: false
		}
	],
	version: "2.11.0",
	order: 315,
	category: "pie",
	chartRenderer:
	{
		render: function(chart)
		{
			var options = { dgSplitDataSet: true, dgSeriesLayout: "nest" };
			chartFactory.chartSupport.pieRender(chart, "name", "value", options);
		},
		update: function(chart, results)
		{
			chartFactory.chartSupport.pieUpdate(chart, results);
		},
		resize: function(chart)
		{
			chartFactory.chartSupport.pieResize(chart);
		},
		destroy: function(chart)
		{
			chartFactory.chartSupport.pieDestroy(chart);
		},
		on: function(chart, eventType, handler)
		{
			chartFactory.chartSupport.pieOn(chart, eventType, handler);
		},
		off: function(chart, eventType, handler)
		{
			chartFactory.chartSupport.pieOff(chart, eventType, handler);
		}
	}
}