{
	id: "org.datagear.chart.pie.nest",
	nameLabel: { value: "嵌套饼图", localeValues: { "en": "Nest pie" } },
	descLabel: "嵌套饼图应至少包含一个标记【类别】的数据集，或者至少包含一个标记多【数值】的数据集，或者至少包含两个没有标记【类别】、标记单【数值】的数据集",
	icons : "icon.png",
	dataSigns:
	[
		{
			name: "name",
			nameLabel: { value: "名称", localeValues: { "en": "Name" } },
			descLabel:
			{
				value: "指标名",
				localeValues: { "en": "Name" }
			},
			required: true,
			multiple: false
		},
		{
			name: "value",
			nameLabel: { value: "数值", localeValues: { "en": "Value" } },
			descLabel:
			{
				value: "指标值",
				localeValues: { "en": "Value" }
			},
			required: true,
			multiple: false
		},
		{
			name: "category",
			nameLabel: { value: "类别", localeValues: { "en": "Category" } },
			descLabel:
			{
				value: "可选标记，数据类别，不同类别的数据将被绘制为不同的系列",
				localeValues: { "en": "Optional, data category, data with the same category will be rendered as a series" }
			},
			required: false,
			multiple: false
		}
	],
	dataSetRange: 1,
	version: "4.3.0",
	order: 315,
	category: "pie",
	chartRenderer:
	{
		render: function(chart)
		{
			var options = {dg: {splitDataSet: true, seriesLayout: "nest"}};
			chartFactory.chartSupport.pieRender(chart, options);
		},
		update: function(chart, results)
		{
			chartFactory.chartSupport.pieUpdate(chart, results);
		},
		resize: function(chart)
		{
			chartFactory.chartSupport.pieResize(chart);
		},
		destroy: function(chart)
		{
			chartFactory.chartSupport.pieDestroy(chart);
		},
		on: function(chart, eventType, handler)
		{
			chartFactory.chartSupport.pieOn(chart, eventType, handler);
		},
		off: function(chart, eventType, handler)
		{
			chartFactory.chartSupport.pieOff(chart, eventType, handler);
		}
	}
}