{
	id: "org.datagear.chart.bar",
	nameLabel: { value: "基本柱状图", localeValues: { "en": "Basic bar" } },
	icons: "icon.png",
	dataSigns:
	[
		{
			name: "name",
			nameLabel: { value: "名称", localeValues: { "en": "Name" } },
			descLabel:
			{
				value: "图表维度，通常是字符串、日期、数值",
				localeValues: { "en": "Chart dimension, may be text or number" }
			},
			required: true,
			multiple: false
		},
		{
			name: "value",
			nameLabel: { value: "数值", localeValues: { "en": "Value" } },
			descLabel:
			{
				value: "图表指标，必须是数值，可标记多列，每一列绘制为一个图表系列",
				localeValues: { "en": "Chart value, must be number, can sign multiple columns, each will be rendered as a series" }
			},
			required: true,
			multiple: true
		},
		{
			name: "category",
			nameLabel: { value: "类别", localeValues: { "en": "Category" } },
			descLabel:
			{
				value: "数据类别，可选标记，相同类别的数据将被绘制为一个系列，如果标记，【数值】仅支持标记单列",
				localeValues: { "en": "Data category, optional, data with the same category will be rendered as a series" }
			},
			required: false,
			multiple: false
		}
	],
	version: "3.2.0",
	order: 200,
	category:
	{
		name: "bar",
		nameLabel: { value: "柱状图", localeValues: { "en": "Bar" } },
		order: 200
	},
	chartRenderer:
	{
		render: function(chart)
		{
			chartFactory.chartSupport.barRender(chart);
		},
		update: function(chart, results)
		{
			chartFactory.chartSupport.barUpdate(chart, results);
		},
		resize: function(chart)
		{
			chartFactory.chartSupport.barResize(chart);
		},
		destroy: function(chart)
		{
			chartFactory.chartSupport.barDestroy(chart);
		},
		on: function(chart, eventType, handler)
		{
			chartFactory.chartSupport.barOn(chart, eventType, handler);
		},
		off: function(chart, eventType, handler)
		{
			chartFactory.chartSupport.barOff(chart, eventType, handler);
		}
	}
}