{
	id: "org.datagear.chart.scatter.ripple",
	nameLabel: { value: "涟漪气泡图", localeValues: { "en": "Ripple scatter" } },
	icons: "icon.png",
	dataSigns:
	[
		{
			name: "name",
			nameLabel: { value: "名称", localeValues: { "en": "Name" } },
			descLabel:
			{
				value: "涟漪气泡图横坐标，可以是坐标数值、指标名称",
				localeValues: { "en": "The x axis value of scatter chart, may be number or text" }
			},
			required: true,
			multiple: false
		},
		{
			name: "value",
			nameLabel: { value: "数值", localeValues: { "en": "Value" } },
			descLabel:
			{
				value: "涟漪气泡图纵坐标，必须是数值，可以标记多列，每一列都绘制为一组散点",
				localeValues: { "en": "The y axis value of scatter chart, must be number, can sign multiple columns, each column will be rendered as a scatter series" }
			},
			required: true,
			multiple: true
		}
	],
	version: "3.2.0",
	order: 510,
	category: "scatter",
	chartRenderer:
	{
		render: function(chart)
		{
			chartFactory.chartSupport.scatterRippleRender(chart, "name", "value");
		},
		update: function(chart, results)
		{
			chartFactory.chartSupport.scatterRippleUpdate(chart, results);
		},
		resize: function(chart)
		{
			chartFactory.chartSupport.scatterRippleResize(chart);
		},
		destroy: function(chart)
		{
			chartFactory.chartSupport.scatterRippleDestroy(chart);
		},
		on: function(chart, eventType, handler)
		{
			chartFactory.chartSupport.scatterRippleOn(chart, eventType, handler);
		},
		off: function(chart, eventType, handler)
		{
			chartFactory.chartSupport.scatterRippleOff(chart, eventType, handler);
		}
	}
}