{
	id: "org.datagear.chart.scatter.ripple",
	nameLabel: { value: "涟漪气泡图", localeValues: { "en": "Ripple scatter" } },
	icons: "icon.png",
	dataSigns:
	[
		{
			name: "name",
			nameLabel: { value: "名称", localeValues: { "en": "Name" } },
			descLabel:
			{
				value: "指标名",
				localeValues: { "en": "Name" }
			},
			required: true,
			multiple: false
		},
		{
			name: "value",
			nameLabel: { value: "数值", localeValues: { "en": "Value" } },
			descLabel:
			{
				value: "指标值，可标记多列，每一列都绘制为一个图表系列",
				localeValues: { "en": "Value, can sign multiple columns, each will be rendered as a series" }
			},
			required: true,
			multiple: true
		},
		{
			name: "category",
			nameLabel: { value: "类别", localeValues: { "en": "Category" } },
			descLabel:
			{
				value: "可选标记，数据类别，不同类别的数据将被绘制为不同的系列，如果标记，【数值】仅支持标记单列",
				localeValues: { "en": "Optional, data category, data with the same category will be rendered as a series" }
			},
			required: false,
			multiple: false
		}
	],
	dataSetRange: 1,
	version: "4.3.0",
	order: 510,
	category: "scatter",
	chartRenderer:
	{
		render: function(chart)
		{
			chartFactory.chartSupport.scatterRippleRender(chart);
		},
		update: function(chart, results)
		{
			chartFactory.chartSupport.scatterRippleUpdate(chart, results);
		},
		resize: function(chart)
		{
			chartFactory.chartSupport.scatterRippleResize(chart);
		},
		destroy: function(chart)
		{
			chartFactory.chartSupport.scatterRippleDestroy(chart);
		},
		on: function(chart, eventType, handler)
		{
			chartFactory.chartSupport.scatterRippleOn(chart, eventType, handler);
		},
		off: function(chart, eventType, handler)
		{
			chartFactory.chartSupport.scatterRippleOff(chart, eventType, handler);
		}
	}
}