{
	id: "org.datagear.chart.radar",
	nameLabel: { value: "基本雷达图", localeValues: { "en": "Basic Radar" } },
	descLabel: "雷达图支持三种数据集结构：\n多行式数据集：相同【条目名】的多行数据表示一条雷达网，应设置如下数据标记：条目名、指标名（仅一列）、指标上限（仅一列）、指标值（仅一列）。\n单行式数据集：一行数据表示一条雷达网，应设置如下数据标记：条目名、指标名（至少三列）、指标上限（至少三列）、指标值（至少三列），且指标名、指标上限、指标值标记列数应相同。\n列式数据集：每一列【指标值】数据表示一条雷达网，应设置如下数据标记：指标名、指标上限、指标值（可标记多列），且数据集中应至少包含三行数据。",
	icons: "icon.png",
	dataSigns:
	[
		{
			name: "item",
			nameLabel: { value: "条目名", localeValues: { "en": "Item name" } },
			descLabel:
			{
				value: "一条雷达网的条目名称，对于多行式数据集、单行式数据集，必须标记一列；对于列式数据集，不应标记",
				localeValues: { "en": "The radar item name, should not sign any column for column style data(an radar is described by a column data), must sign a column for row style data(an radar is described by a column data)" }
			},
			required: false,
			multiple: false
		},
		{
			name: "name",
			nameLabel: { value: "指标名", localeValues: { "en": "Indicator name" } },
			descLabel:
			{
				value: "指标名，对于多行式数据集，应仅标记一列；对于单行式数据集，应至少标记三列；对于列式数据集，应仅标记一列",
				localeValues: { "en": "Indicator name, must sign only one column for column style data, must sign at least three columns for row style data" }
			},
			required: true,
			multiple: true
		},
		{
			name: "value",
			nameLabel: { value: "指标值", localeValues: { "en": "Indicator value" } },
			descLabel:
			{
				value: "指标值，对于多行式数据集，应仅标记一列；对于单行式数据集，应至少标记三列，且与【指标名】列一一对应；对于列式数据集，可标记任意多列",
				localeValues: { "en": "The indicator value, can sign any columns for column style data, must sign columns one-to-one with indicator name" }
			},
			required: true,
			multiple: true
		},
		{
			name: "max",
			nameLabel: { value: "指标上限", localeValues: { "en": "Indicator max" } },
			descLabel:
			{
				value: "指标上限，对于多行式数据集，应仅标记一列；对于单行式数据集，应至少标记三列，且与【指标名】列一一对应；对于列式数据集，应仅标记一列",
				localeValues: { "en": "The indicator max value, must sign only one column for column style data, must sign columns one-to-one with indicator name" }
			},
			required: true,
			multiple: true
		}
	],
	dataSetRange: 1,
	version: "5.2.0",
	order: 600,
	category:
	{
		name: "radar",
		nameLabel: { value: "雷达图", localeValues: { "en": "Radar" } },
		order: 600
	},
	author: "DataGear"
}