{
	id : "org.datagear.chart.tree",
	nameLabel: { value: "基本树图", localeValues: { "en": "Basic tree" } },
	icons : "icon.png",
	dataSigns :
	[
		{
			name : "id",
			nameLabel: { value: "ID", localeValues: { "en": "ID" } },
			descLabel:
			{
				value: "可选标记，节点ID",
				localeValues: { "en": "Optional, node ID" }
			},
			required: false,
			multiple: false
		},
		{
			name : "name",
			nameLabel: { value: "名称", localeValues: { "en": "" } },
			descLabel:
			{
				value: "节点名",
				localeValues: { "en": "Node name" }
			},
			required: true,
			multiple: false
		},
		{
			name : "parent",
			nameLabel: { value: "父节点", localeValues: { "en": "Parent" } },
			descLabel:
			{
				value: "父节点标识，如果标记了ID列，则其值应是ID列值，否则，应是名称列值",
				localeValues: { "en": "Parent , must be signed on parent ID column if ID column is signed, must be signed on parent name column otherwise" }
			},
			required: true,
			multiple: false
		},
		{
			name : "value",
			nameLabel: { value: "数值", localeValues: { "en": "Value" } },
			descLabel:
			{
				value: "可选标记，节点值",
				localeValues: { "en": "Optional, node value" }
			},
			required: false,
			multiple: false
		}
	],
	dataSetRange: 1,
	version: "4.3.0",
	order : 1100,
	category:
	{
		name: "tree",
		nameLabel: { value: "树图", localeValues: { "en": "Tree" } },
		order: 1100
	},
	chartRenderer:
	{
		render: function(chart)
		{
			chartFactory.chartSupport.treeRender(chart);
		},
		update: function(chart, results)
		{
			chartFactory.chartSupport.treeUpdate(chart, results);
		},
		resize: function(chart)
		{
			chartFactory.chartSupport.treeResize(chart);
		},
		destroy: function(chart)
		{
			chartFactory.chartSupport.treeDestroy(chart);
		},
		on: function(chart, eventType, handler)
		{
			chartFactory.chartSupport.treeOn(chart, eventType, handler);
		},
		off: function(chart, eventType, handler)
		{
			chartFactory.chartSupport.treeOff(chart, eventType, handler);
		}
	}
}