{
	id: "org.datagear.chart.map.lines",
	nameLabel: { value: "地图路径图", localeValues: { "en": "Map lines" } },
	icons : "icon.png",
	dataSigns:
	[
		{
			name: "name",
			nameLabel: { value: "名称", localeValues: { "en": "Name" } },
			descLabel:
			{
				value: "路径线名称，相同名称的坐标数据组成一条路径线，如果不标记，则整个数据集组成一条路径线",
				localeValues: { "en": "The line name of lines map chart" }
			},
			required: false,
			multiple: false
		},
		{
			name: "longitude",
			nameLabel: { value: "经度", localeValues: { "en": "Longitude" } },
			descLabel:
			{
				value: "经度数值，与同一行的纬度值组成路径线中的一个坐标点",
				localeValues: { "en": "The longitude of lines map chart" }
			},
			required: true,
			multiple: false
		},
		{
			name: "latitude",
			nameLabel: { value: "纬度", localeValues: { "en": "Latitude" } },
			descLabel:
			{
				value: "纬度数值，与同一行的经度值组成路径线中的一个坐标点",
				localeValues: { "en": "The latitude of lines map chart" }
			},
			required: true,
			multiple: false
		},
		{
			name: "map",
			nameLabel: { value: "地图名", localeValues: { "en": "Map" } },
			descLabel:
			{
				value: "图表使用的地图名冗余列，可不标记，主要用于支持地图随数据刷新的情况，第一个不为空的列值将用作地图名",
				localeValues: { "en": "The map name of map chart, sign is not required, used by chart that refresh map together with data, the first non-null column value will be used as map name" }
			},
			required: false,
			multiple: false
		}
	],
	version: "3.2.0",
	order: 820,
	category: "map",
	chartRenderer:
	{
		asyncRender: true,
		render: function(chart)
		{
			chartFactory.chartSupport.mapLinesRender(chart);
		},
		asyncUpdate: true,
		update: function(chart, results)
		{
			chartFactory.chartSupport.mapLinesUpdate(chart, results);
		},
		resize: function(chart)
		{
			chartFactory.chartSupport.mapLinesResize(chart);
		},
		destroy: function(chart)
		{
			chartFactory.chartSupport.mapLinesDestroy(chart);
		},
		on: function(chart, eventType, handler)
		{
			chartFactory.chartSupport.mapLinesOn(chart, eventType, handler);
		},
		off: function(chart, eventType, handler)
		{
			chartFactory.chartSupport.mapLinesOff(chart, eventType, handler);
		}
	}
}