{
	id: "org.datagear.chart.map.lines",
	nameLabel: { value: "地图路径图", localeValues: { "en": "Map lines" } },
	icons : "icon.png",
	dataSigns:
	[
		{
			name: "name",
			nameLabel: { value: "名称", localeValues: { "en": "Name" } },
			descLabel:
			{
				value: "可选标记，路径线名，相同名称的数据组成一条路径线，如果不标记，则整个数据集组成一条路径线",
				localeValues: { "en": "Line name" }
			},
			required: false,
			multiple: false
		},
		{
			name: "longitude",
			nameLabel: { value: "经度", localeValues: { "en": "Longitude" } },
			descLabel:
			{
				value: "经度数值",
				localeValues: { "en": "Longitude" }
			},
			required: true,
			multiple: false
		},
		{
			name: "latitude",
			nameLabel: { value: "纬度", localeValues: { "en": "Latitude" } },
			descLabel:
			{
				value: "纬度值",
				localeValues: { "en": "Latitude" }
			},
			required: true,
			multiple: false
		},
		{
			name: "map",
			nameLabel: { value: "地图名", localeValues: { "en": "Map" } },
			descLabel:
			{
				value: "可选标记，图表使用的地图名，用于支持地图随数据刷新的情况，第一个不为空的列值将用作地图名",
				localeValues: { "en": "Optional, the map name of map chart, used by chart that refresh map together with data, the first non-null column value will be used as map name" }
			},
			required: false,
			multiple: false
		}
	],
	dataSetRange: 1,
	version: "5.2.0",
	order: 820,
	category: "map",
	author: "DataGear"
}