{
	id: "org.datagear.chart.radar.circle",
	nameLabel: { value: "圆形雷达图", localeValues: { "en": "Circle Radar" } },
	icons : "icon.png",
	dataSigns:
	[
		{
			name: "item",
			nameLabel: { value: "条目名", localeValues: { "en": "Item name" } },
			descLabel:
			{
				value: "一条雷达网的条目名称，对于列式数据（一列数据描述一条雷达网），不应标记；对于行式数据（一行数据描述一条雷达网），必须标记一列",
				localeValues: { "en": "The radar item name, should not sign any column for column style data(an radar is described by a column data), must sign a column for row style data(an radar is described by a column data)" }
			},
			required: false,
			multiple: false
		},
		{
			name: "name",
			nameLabel: { value: "指标名", localeValues: { "en": "Indicator name" } },
			descLabel:
			{
				value: "指标名，对于列式数据，应仅标记一列，对于行式数据，应标记至少三列",
				localeValues: { "en": "Indicator name, must sign only one column for column style data, must sign at least three columns for row style data" }
			},
			required: true,
			multiple: true
		},
		{
			name: "value",
			nameLabel: { value: "指标值", localeValues: { "en": "Indicator value" } },
			descLabel:
			{
				value: "指标值，对于列式数据，可标记任意多列，对于行式数据，需与指标名称列一一对应",
				localeValues: { "en": "The indicator value, can sign any columns for column style data, must sign columns one-to-one with indicator name" }
			},
			required: true,
			multiple: true
		},
		{
			name: "max",
			nameLabel: { value: "指标上限", localeValues: { "en": "Indicator max" } },
			descLabel:
			{
				value: "指标上限，对于列式数据，应仅标记一列，对于行式数据，需与指标名称列一一对应",
				localeValues: { "en": "The indicator max value, must sign only one column for column style data, must sign columns one-to-one with indicator name" }
			},
			required: true,
			multiple: true
		}
	],
	version: "3.2.0",
	order: 605,
	category: "radar",
	chartRenderer:
	{
		render: function(chart)
		{
			var options={ radar: { shape: "circle" } };
			chartFactory.chartSupport.radarRender(chart, options);
		},
		update: function(chart, results)
		{
			chartFactory.chartSupport.radarUpdate(chart, results);
		},
		resize: function(chart)
		{
			chartFactory.chartSupport.radarResize(chart);
		},
		destroy: function(chart)
		{
			chartFactory.chartSupport.radarDestroy(chart);
		},
		on: function(chart, eventType, handler)
		{
			chartFactory.chartSupport.radarOn(chart, eventType, handler);
		},
		off: function(chart, eventType, handler)
		{
			chartFactory.chartSupport.radarOff(chart, eventType, handler);
		}
	}
}