{
	id : "org.datagear.chart.bar.stack.horizontal",
	nameLabel: { value: "横向堆叠柱状图", localeValues: { "en": "Horizontal stack bar" } },
	icons : "icon.png",
	dataSigns :
	[
		{
			name: "name",
			nameLabel: { value: "名称", localeValues: { "en": "Name" } },
			descLabel:
			{
				value: "指标名",
				localeValues: { "en": "Name" }
			},
			required: true,
			multiple: false
		},
		{
			name: "value",
			nameLabel: { value: "数值", localeValues: { "en": "Value" } },
			descLabel:
			{
				value: "指标值，可标记多列，每一列都绘制为一个图表系列",
				localeValues: { "en": "Value, can sign multiple columns, each will be rendered as a series" }
			},
			required: true,
			multiple: true
		},
		{
			name: "category",
			nameLabel: { value: "类别", localeValues: { "en": "Category" } },
			descLabel:
			{
				value: "可选标记，数据类别，不同类别的数据将被绘制为不同的系列，如果标记，【数值】仅支持标记单列",
				localeValues: { "en": "Optional, data category, data with the same category will be rendered as a series" }
			},
			required: false,
			multiple: false
		}
	],
	dataSetRange: 1,
	version: "4.3.0",
	order : 215,
	category: "bar",
	chartRenderer:
	{
		render: function(chart)
		{
			var options={ dg: { horizontal: true, stack: true } };
			chartFactory.chartSupport.barRender(chart, options);
		},
		update: function(chart, results)
		{
			chartFactory.chartSupport.barUpdate(chart, results);
		},
		resize: function(chart)
		{
			chartFactory.chartSupport.barResize(chart);
		},
		destroy: function(chart)
		{
			chartFactory.chartSupport.barDestroy(chart);
		},
		on: function(chart, eventType, handler)
		{
			chartFactory.chartSupport.barOn(chart, eventType, handler);
		},
		off: function(chart, eventType, handler)
		{
			chartFactory.chartSupport.barOff(chart, eventType, handler);
		}
	}
}