{
	id : "org.datagear.chart.boxplot",
	nameLabel: { value: "基本箱型图", localeValues: { "en": "Basic boxplot" } },
	icons : "icon.png",
	dataSigns :
	[
		{
			name : "name",
			nameLabel: { value: "名称", localeValues: { "en": "Name" } },
			descLabel:
			{
				value: "箱型图横坐标，可以是坐标数值、指标名称",
				localeValues: { "en": "The x axis value of boxplot chart, may be number or text" }
			},
			required: true,
			multiple: false
		},
		{
			name : "min",
			nameLabel: { value: "最小值", localeValues: { "en": "Min" } },
			descLabel:
			{
				value: "箱型图最小数值",
				localeValues: { "en": "The min value of boxplot chart" }
			},
			required: true,
			multiple: false
		},
		{
			name : "lower",
			nameLabel: { value: "下四分位数", localeValues: { "en": "Lower" } },
			descLabel:
			{
				value: "箱型图下四分位数值",
				localeValues: { "en": "The lower value of boxplot chart" }
			},
			required: true,
			multiple: false
		},
		{
			name : "median",
			nameLabel: { value: "中位数", localeValues: { "en": "Median" } },
			descLabel:
			{
				value: "箱型图中位数值",
				localeValues: { "en": "The median value of boxplot chart" }
			},
			required: true,
			multiple: false
		},
		{
			name : "upper",
			nameLabel: { value: "上四分位数", localeValues: { "en": "Upper" } },
			descLabel:
			{
				value: "箱型图上四分位数值",
				localeValues: { "en": "The upper value of boxplot chart" }
			},
			required: true,
			multiple: false
		},
		{
			name : "max",
			nameLabel: { value: "最大值", localeValues: { "en": "Max" } },
			descLabel:
			{
				value: "箱型图最大数值",
				localeValues: { "en": "The max value of boxplot chart" }
			},
			required: true,
			multiple: false
		}
	],
	version: "2.7.0",
	order : 1500,
	category:
	{
		name: "boxplot",
		nameLabel: { value: "箱型图", localeValues: { "en": "Boxplot" } },
		order: 1500
	},
	chartRenderer:
	{
		render: function(chart)
		{
			chartFactory.chartSupport.boxplotRender(chart, "name", "min", "lower", "median", "upper", "max");
		},
		update: function(chart, results)
		{
			chartFactory.chartSupport.boxplotUpdate(chart, results);
		},
		resize: function(chart)
		{
			chartFactory.chartSupport.boxplotResize(chart);
		},
		destroy: function(chart)
		{
			chartFactory.chartSupport.boxplotDestroy(chart);
		},
		on: function(chart, eventType, handler)
		{
			chartFactory.chartSupport.boxplotOn(chart, eventType, handler);
		},
		off: function(chart, eventType, handler)
		{
			chartFactory.chartSupport.boxplotOff(chart, eventType, handler);
		}
	}
}