{
	id : "org.datagear.chart.boxplot",
	nameLabel: { value: "基本箱形图", localeValues: { "en": "Basic boxplot" } },
	descLabel:
	{
		value: "箱形图通常由两个以上数据集组成：箱形数据集、异常值数据集（可选），箱形数据集应设置如下数据标记：名称、最小值、下四分位数-Q1、中位数-Q2、上四分位数-Q3、最大值、类别（可选）；异常值数据集应设置如下数据标记：名称、数值、类别（可选）。",
		localeValues: { "en": "Boxplot normally contains two or more data set: boxplot data set, outlier data set(optional), boxplot data set must be signed by name, min, lower, median, upper, max; outlier data set must be signed by name, value." }
	},
	icons : "icon.png",
	dataSigns :
	[
		{
			name : "name",
			nameLabel: { value: "名称", localeValues: { "en": "Name" } },
			descLabel:
			{
				value: "指标名，可用箱形数据集、异常值数据集",
				localeValues: { "en": "Name, can be signed to boxplot or outlier data set" }
			},
			required: true,
			multiple: false
		},
		{
			name : "min",
			nameLabel: { value: "最小值", localeValues: { "en": "Min" } },
			descLabel:
			{
				value: "最小数值，应标记于箱形数据集",
				localeValues: { "en": "Min value, must be signed to boxplot data set" }
			},
			required: false,
			multiple: false
		},
		{
			name : "lower",
			nameLabel: { value: "下四分位数-Q1", localeValues: { "en": "Lower-Q1" } },
			descLabel:
			{
				value: "下四分位数值（Q1），应标记于箱形数据集",
				localeValues: { "en": "Lower(Q1) value, must be signed to boxplot data set" }
			},
			required: false,
			multiple: false
		},
		{
			name : "median",
			nameLabel: { value: "中位数-Q2", localeValues: { "en": "Median-Q2" } },
			descLabel:
			{
				value: "中位数值（Q2），应标记于箱形数据集",
				localeValues: { "en": "Median(Q2) value, must be signed to boxplot data set" }
			},
			required: false,
			multiple: false
		},
		{
			name : "upper",
			nameLabel: { value: "上四分位数-Q3", localeValues: { "en": "Upper-Q3" } },
			descLabel:
			{
				value: "上四分位数值（Q3），应标记于箱形数据集",
				localeValues: { "en": "Upper(Q3) value, must be signed to boxplot data set" }
			},
			required: false,
			multiple: false
		},
		{
			name : "max",
			nameLabel: { value: "最大值", localeValues: { "en": "Max" } },
			descLabel:
			{
				value: "最大数值，应标记于箱形数据集",
				localeValues: { "en": "Max value, must be signed to boxplot data set" }
			},
			required: false,
			multiple: false
		},
		{
			name : "value",
			nameLabel: { value: "数值", localeValues: { "en": "Value" } },
			descLabel:
			{
				value: "异常值，应和【名称】一起标记于异常值数据集，可标记多列，每一列都绘制为一个图表系列",
				localeValues: { "en": "Outlier value, must be signed to outlier data set with [name], can sign multiple columns, each will be rendered as a series" }
			},
			required: false,
			multiple: true
		},
		{
			name: "category",
			nameLabel: { value: "类别", localeValues: { "en": "Category" } },
			descLabel:
			{
				value: "可选标记，数据类别，不同类别的数据将被绘制为不同的系列，如果标记，【数值】仅支持标记单列",
				localeValues: { "en": "Optional, data category, data with the same category will be rendered as a series" }
			},
			required: false,
			multiple: false
		}
	],
	version: "3.2.0",
	order : 1500,
	category:
	{
		name: "boxplot",
		nameLabel: { value: "箱形图", localeValues: { "en": "Boxplot" } },
		order: 1500
	},
	chartRenderer:
	{
		render: function(chart)
		{
			chartFactory.chartSupport.boxplotRender(chart);
		},
		update: function(chart, results)
		{
			chartFactory.chartSupport.boxplotUpdate(chart, results);
		},
		resize: function(chart)
		{
			chartFactory.chartSupport.boxplotResize(chart);
		},
		destroy: function(chart)
		{
			chartFactory.chartSupport.boxplotDestroy(chart);
		},
		on: function(chart, eventType, handler)
		{
			chartFactory.chartSupport.boxplotOn(chart, eventType, handler);
		},
		off: function(chart, eventType, handler)
		{
			chartFactory.chartSupport.boxplotOff(chart, eventType, handler);
		}
	}
}