{
	id : "org.datagear.chart.boxplot",
	nameLabel: { value: "基本箱形图", localeValues: { "en": "Basic boxplot" } },
	descLabel:
	{
		value: "箱形图通常由两个以上数据集组成：箱形数据集、异常值数据集（可选），箱形数据集应设置如下数据标记：名称、最小值、下四分位数-Q1、中位数-Q2、上四分位数-Q3、最大值；异常值数据集应设置如下数据标记：名称、数值。",
		localeValues: { "en": "Boxplot normally contains two or more data set: boxplot data set, outlier data set(optional), boxplot data set must has the following data sign: name, min, lower, median, upper, max; outlier data set must has the following data sign: name, value." }
	},
	icons : "icon.png",
	dataSigns :
	[
		{
			name : "name",
			nameLabel: { value: "名称", localeValues: { "en": "Name" } },
			descLabel:
			{
				value: "箱形图横坐标，可以是坐标数值、指标名称，可标记于箱形数据集、异常值数据集",
				localeValues: { "en": "The x axis value of boxplot chart, may be number or text, can sign to boxplot data set or outlier data set" }
			},
			required: true,
			multiple: false
		},
		{
			name : "min",
			nameLabel: { value: "最小值", localeValues: { "en": "Min" } },
			descLabel:
			{
				value: "箱形图最小数值，应标记于箱形数据集",
				localeValues: { "en": "The min value of boxplot chart, must sign to boxplot data set" }
			},
			required: false,
			multiple: false
		},
		{
			name : "lower",
			nameLabel: { value: "下四分位数-Q1", localeValues: { "en": "Lower-Q1" } },
			descLabel:
			{
				value: "箱形图下四分位数值（Q1），应标记于箱形数据集",
				localeValues: { "en": "The lower(Q1) value of boxplot chart, must sign to boxplot data set" }
			},
			required: false,
			multiple: false
		},
		{
			name : "median",
			nameLabel: { value: "中位数-Q2", localeValues: { "en": "Median-Q2" } },
			descLabel:
			{
				value: "箱形图中位数值（Q2），应标记于箱形数据集",
				localeValues: { "en": "The median(Q2) value of boxplot chart, must sign to boxplot data set" }
			},
			required: false,
			multiple: false
		},
		{
			name : "upper",
			nameLabel: { value: "上四分位数-Q3", localeValues: { "en": "Upper-Q3" } },
			descLabel:
			{
				value: "箱形图上四分位数值（Q3），应标记于箱形数据集",
				localeValues: { "en": "The upper(Q3) value of boxplot chart, must sign to boxplot data set" }
			},
			required: false,
			multiple: false
		},
		{
			name : "max",
			nameLabel: { value: "最大值", localeValues: { "en": "Max" } },
			descLabel:
			{
				value: "箱形图最大数值，应标记于箱形数据集",
				localeValues: { "en": "The max value of boxplot chart, must sign to boxplot data set" }
			},
			required: false,
			multiple: false
		},
		{
			name : "value",
			nameLabel: { value: "数值", localeValues: { "en": "Value" } },
			descLabel:
			{
				value: "箱形图异常值，应和[名称]一起标记于异常值数据集，可标记多列",
				localeValues: { "en": "The outlier value of boxplot chart, must sign to outlier data set with [name], can sign multiple columns" }
			},
			required: false,
			multiple: true
		},
		{
			name: "category",
			nameLabel: { value: "类别", localeValues: { "en": "Category" } },
			descLabel:
			{
				value: "数据类别，可选标记，不同类别的数据将被绘制为不同的系列，如果标记，【数值】仅支持标记单列",
				localeValues: { "en": "Data category, optional, data with the same category will be rendered as a series" }
			},
			required: false,
			multiple: false
		}
	],
	version: "3.2.0",
	order : 1500,
	category:
	{
		name: "boxplot",
		nameLabel: { value: "箱形图", localeValues: { "en": "Boxplot" } },
		order: 1500
	},
	chartRenderer:
	{
		render: function(chart)
		{
			chartFactory.chartSupport.boxplotRender(chart);
		},
		update: function(chart, results)
		{
			chartFactory.chartSupport.boxplotUpdate(chart, results);
		},
		resize: function(chart)
		{
			chartFactory.chartSupport.boxplotResize(chart);
		},
		destroy: function(chart)
		{
			chartFactory.chartSupport.boxplotDestroy(chart);
		},
		on: function(chart, eventType, handler)
		{
			chartFactory.chartSupport.boxplotOn(chart, eventType, handler);
		},
		off: function(chart, eventType, handler)
		{
			chartFactory.chartSupport.boxplotOff(chart, eventType, handler);
		}
	}
}