{
	id : "org.datagear.chart.candlestick",
	nameLabel: { value: "基本K线图", localeValues: { "en": "Basic candlestick" } },
	icons : "icon.png",
	dataSigns :
	[
		{
			name : "name",
			nameLabel: { value: "名称", localeValues: { "en": "Name" } },
			descLabel:
			{
				value: "K线图横坐标，可以是坐标数值、指标名称",
				localeValues: { "en": "The x axis value of candlestick chart, may be number or text" }
			},
			required: true,
			multiple: false
		},
		{
			name : "open",
			nameLabel: { value: "开盘值", localeValues: { "en": "Open" } },
			descLabel:
			{
				value: "K线图开盘数值",
				localeValues: { "en": "The open value of candlestick chart" }
			},
			required: true,
			multiple: false
		},
		{
			name : "close",
			nameLabel: { value: "收盘值", localeValues: { "en": "Close" } },
			descLabel:
			{
				value: "K线图收盘数值",
				localeValues: { "en": "The close value of candlestick chart" }
			},
			required: true,
			multiple: false
		},
		{
			name : "min",
			nameLabel: { value: "最低值", localeValues: { "en": "Min" } },
			descLabel:
			{
				value: "K线图最低数值",
				localeValues: { "en": "The min value of candlestick chart" }
			},
			required: true,
			multiple: false
		},
		{
			name : "max",
			nameLabel: { value: "最高值", localeValues: { "en": "Max" } },
			descLabel:
			{
				value: "K线图最高数值",
				localeValues: { "en": "The max value of candlestick chart" }
			},
			required: true,
			multiple: false
		}
	],
	version: "2.11.0",
	order : 900,
	category:
	{
		name: "candlestick",
		nameLabel: { value: "K线图", localeValues: { "en": "Candlestick" } },
		order: 900
	},
	chartRenderer:
	{
		render: function(chart)
		{
			chartFactory.chartSupport.candlestickRender(chart, "name", "open", "close", "min", "max");
		},
		update: function(chart, results)
		{
			chartFactory.chartSupport.candlestickUpdate(chart, results);
		},
		resize: function(chart)
		{
			chartFactory.chartSupport.candlestickResize(chart);
		},
		destroy: function(chart)
		{
			chartFactory.chartSupport.candlestickDestroy(chart);
		},
		on: function(chart, eventType, handler)
		{
			chartFactory.chartSupport.candlestickOn(chart, eventType, handler);
		},
		off: function(chart, eventType, handler)
		{
			chartFactory.chartSupport.candlestickOff(chart, eventType, handler);
		}
	}
}