{
	id : "org.datagear.chart.candlestick",
	nameLabel: { value: "基本K线图", localeValues: { "en": "Basic candlestick" } },
	icons : "icon.png",
	dataSigns :
	[
		{
			name : "name",
			nameLabel: { value: "名称", localeValues: { "en": "Name" } },
			descLabel:
			{
				value: "指标名",
				localeValues: { "en": "Name" }
			},
			required: true,
			multiple: false
		},
		{
			name : "open",
			nameLabel: { value: "开盘值", localeValues: { "en": "Open" } },
			descLabel:
			{
				value: "开盘值",
				localeValues: { "en": "Open value" }
			},
			required: true,
			multiple: false
		},
		{
			name : "close",
			nameLabel: { value: "收盘值", localeValues: { "en": "Close" } },
			descLabel:
			{
				value: "收盘值",
				localeValues: { "en": "Close value" }
			},
			required: true,
			multiple: false
		},
		{
			name : "min",
			nameLabel: { value: "最低值", localeValues: { "en": "Min" } },
			descLabel:
			{
				value: "最低值",
				localeValues: { "en": "Min value" }
			},
			required: true,
			multiple: false
		},
		{
			name : "max",
			nameLabel: { value: "最高值", localeValues: { "en": "Max" } },
			descLabel:
			{
				value: "最高值",
				localeValues: { "en": "Max value" }
			},
			required: true,
			multiple: false
		}
	],
	dataSetRange: 1,
	version: "5.2.0",
	order : 900,
	category:
	{
		name: "candlestick",
		nameLabel: { value: "K线图", localeValues: { "en": "Candlestick" } },
		order: 900
	},
	author: "DataGear"
}