{
	id: "org.datagear.chart.pictorialBar.progess.h.star",
	nameLabel: { value: "横向星型进度图", localeValues: { "en": "Horizontal star process bar" } },
	icons: "icon.png",
	dataSigns:
	[
		{
			name: "name",
			nameLabel: { value: "名称", localeValues: { "en": "Name" } },
			descLabel:
			{
				value: "指标名",
				localeValues: { "en": "Name" }
			},
			required: true,
			multiple: false
		},
		{
			name: "value",
			nameLabel: { value: "数值", localeValues: { "en": "Value" } },
			descLabel:
			{
				value: "指标值",
				localeValues: { "en": "Value" }
			},
			required: true,
			multiple: false
		},
		{
			name: "max",
			nameLabel: { value: "最大值", localeValues: { "en": "Max value" } },
			descLabel:
			{
				value: "可选标记，最大值，如果标记，第一个不为空的列值，默认值为：100",
				localeValues: { "en": "The max value, default is: 100" }
			},
			required: false,
			multiple: false
		}
	],
	dataSetRange: 1,
	version: "4.3.0",
	order: 1890,
	categories: "pictorialBar",
	chartRenderer:
	{
		render: function(chart)
		{
			var options =
			{
				dg:
				{
					horizontal: true, symbol: "star", symbolSize: "50%",
					symbolMargin: "10%", symbolRepeat: true, symbolRepeatForBg: "fixed"
				}
			};
			
			chartFactory.chartSupport.pictorialBarProgressRender(chart, options);
		},
		update: function(chart, results)
		{
			chartFactory.chartSupport.pictorialBarProgressUpdate(chart, results);
		},
		resize: function(chart)
		{
			chartFactory.chartSupport.pictorialBarProgressResize(chart);
		},
		destroy: function(chart)
		{
			chartFactory.chartSupport.pictorialBarProgressDestroy(chart);
		},
		on: function(chart, eventType, handler)
		{
			chartFactory.chartSupport.pictorialBarProgressOn(chart, eventType, handler);
		},
		off: function(chart, eventType, handler)
		{
			chartFactory.chartSupport.pictorialBarProgressOff(chart, eventType, handler);
		}
	}
}