{
	id: "org.datagear.chart.heatmap",
	nameLabel: { value: "基本热力图", localeValues: { "en": "Basic heatmap" } },
	icons : "icon.png",
	dataSigns:
	[
		{
			name: "name",
			nameLabel: { value: "横坐标", localeValues: { "en": "Name" } },
			descLabel:
			{
				value: "热力图横坐标指标名称",
				localeValues: { "en": "The x axis value of heatmap chart, must be text" }
			},
			required: true,
			multiple: false
		},
		{
			name: "value",
			nameLabel: { value: "纵坐标", localeValues: { "en": "Value" } },
			descLabel:
			{
				value: "热力图纵坐标指标名称",
				localeValues: { "en": "The y axis value of heatmap chart, must be text" }
			},
			required: true,
			multiple: false
		},
		{
			name: "weight",
			nameLabel: { value: "热力值", localeValues: { "en": "Weight" } },
			descLabel:
			{
				value: "热力图热力数值",
				localeValues: { "en": "The heat weight of heatmap chart, must be number" }
			},
			required: true,
			multiple: false
		}
	],
	version: "2.7.0",
	order: 1000,
	category:
	{
		name: "heatmap",
		nameLabel: { value: "热力图", localeValues: { "en": "Heatmap" } },
		order: 1000
	},
	chartRenderer:
	{
		render: function(chart)
		{
			chartFactory.chartSupport.heatmapRender(chart, "name", "value", "weight");
		},
		update: function(chart, results)
		{
			chartFactory.chartSupport.heatmapUpdate(chart, results);
		},
		resize: function(chart)
		{
			chartFactory.chartSupport.heatmapResize(chart);
		},
		destroy: function(chart)
		{
			chartFactory.chartSupport.heatmapDestroy(chart);
		},
		on: function(chart, eventType, handler)
		{
			chartFactory.chartSupport.heatmapOn(chart, eventType, handler);
		},
		off: function(chart, eventType, handler)
		{
			chartFactory.chartSupport.heatmapOff(chart, eventType, handler);
		}
	}
}