{
	id: "org.datagear.chart.heatmap",
	nameLabel: { value: "基本热力图", localeValues: { "en": "Basic heatmap" } },
	icons : "icon.png",
	dataSigns:
	[
		{
			name: "name",
			nameLabel: { value: "横坐标", localeValues: { "en": "Name" } },
			descLabel:
			{
				value: "横坐标",
				localeValues: { "en": "X value" }
			},
			required: true,
			multiple: false
		},
		{
			name: "value",
			nameLabel: { value: "纵坐标", localeValues: { "en": "Value" } },
			descLabel:
			{
				value: "纵坐标",
				localeValues: { "en": "Y value" }
			},
			required: true,
			multiple: false
		},
		{
			name: "weight",
			nameLabel: { value: "热力值", localeValues: { "en": "Weight" } },
			descLabel:
			{
				value: "热力值",
				localeValues: { "en": "Heat weight" }
			},
			required: true,
			multiple: false
		}
	],
	dataSetRange: 1,
	version: "5.2.0",
	order: 1000,
	category:
	{
		name: "heatmap",
		nameLabel: { value: "热力图", localeValues: { "en": "Heatmap" } },
		order: 1000
	},
	author: "DataGear",
	platformVersion: "5.2.0+"
}