{
	id : "org.datagear.chart.sankey",
	nameLabel: { value: "基本桑基图", localeValues: { "en": "Basic sankey" } },
	icons : "icon.png",
	dataSigns :
	[
		{
			name : "sourceName",
			nameLabel: { value: "源名称", localeValues: { "en": "Source name" } },
			descLabel:
			{
				value: "源节点名称",
				localeValues: { "en": "Source node name" }
			},
			required: true,
			multiple: false
		},
		{
			name : "sourceValue",
			nameLabel: { value: "源数值", localeValues: { "en": "Source value" } },
			descLabel:
			{
				value: "可选标记，源节点数值，数值越大节点宽越度",
				localeValues: { "en": "Optional, source node value" }
			},
			required: false,
			multiple: false
		},
		{
			name : "targetName",
			nameLabel: { value: "目标名称", localeValues: { "en": "Target name" } },
			descLabel:
			{
				value: "目标节点名称",
				localeValues: { "en": "Target node name" }
			},
			required: true,
			multiple: false
		},
		{
			name : "targetValue",
			nameLabel: { value: "目标数值", localeValues: { "en": "Target value" } },
			descLabel:
			{
				value: "可选标记，目节点数值，数值越大节点越宽",
				localeValues: { "en": "Optional, target node value" }
			},
			required: false,
			multiple: false
		},
		{
			name : "value",
			nameLabel: { value: "数值", localeValues: { "en": "Value" } },
			descLabel:
			{
				value: "源节点和目标节点的连接权重数值，数值越大连线越度",
				localeValues: { "en": "Link weight from source node to target node" }
			},
			required: true,
			multiple: false
		}
	],
	dataSetRange: 1,
	version: "5.2.0",
	order : 1300,
	category:
	{
		name: "sankey",
		nameLabel: { value: "桑基图", localeValues: { "en": "Sankey" } },
		order: 1300
	},
	author: "DataGear",
	platformVersion: "5.2.0+"
}