{
	id : "org.datagear.chart.sankey",
	nameLabel: { value: "基本桑基图", localeValues: { "en": "Basic sankey" } },
	icons : "icon.png",
	dataSigns :
	[
		{
			name : "sourceName",
			nameLabel: { value: "源名称", localeValues: { "en": "Source name" } },
			descLabel:
			{
				value: "桑基图源节点名称",
				localeValues: { "en": "The source node name of sankey chart" }
			},
			required: true,
			multiple: false
		},
		{
			name : "sourceValue",
			nameLabel: { value: "源数值", localeValues: { "en": "Source value" } },
			descLabel:
			{
				value: "桑基图源节点数值，表现为节点宽度，可不标记",
				localeValues: { "en": "The source node value of sankey chart, rendered as node width, sign is not required" }
			},
			required: false,
			multiple: false
		},
		{
			name : "targetName",
			nameLabel: { value: "目标名称", localeValues: { "en": "Target name" } },
			descLabel:
			{
				value: "桑基图目标节点名称",
				localeValues: { "en": "The target node name of sankey chart" }
			},
			required: true,
			multiple: false
		},
		{
			name : "targetValue",
			nameLabel: { value: "目标数值", localeValues: { "en": "Target value" } },
			descLabel:
			{
				value: "桑基图目标节点数值，表现为节点宽度，可不标记",
				localeValues: { "en": "The target node value of sankey chart, rendered as node width, sign is not required" }
			},
			required: false,
			multiple: false
		},
		{
			name : "value",
			nameLabel: { value: "数值", localeValues: { "en": "Value" } },
			descLabel:
			{
				value: "桑基图源节点和目标节点的连接权重数值，表现为连接线宽度",
				localeValues: { "en": "The link weight from source node to target node of sankey chart, rendered as link line width" }
			},
			required: true,
			multiple: false
		}
	],
	version: "3.2.0",
	order : 1300,
	category:
	{
		name: "sankey",
		nameLabel: { value: "桑基图", localeValues: { "en": "Sankey" } },
		order: 1300
	},
	chartRenderer:
	{
		render: function(chart)
		{
			chartFactory.chartSupport.sankeyRender(chart, "sourceName", "sourceValue", "targetName", "targetValue", "value");
		},
		update: function(chart, results)
		{
			chartFactory.chartSupport.sankeyUpdate(chart, results);
		},
		resize: function(chart)
		{
			chartFactory.chartSupport.sankeyResize(chart);
		},
		destroy: function(chart)
		{
			chartFactory.chartSupport.sankeyDestroy(chart);
		},
		on: function(chart, eventType, handler)
		{
			chartFactory.chartSupport.sankeyOn(chart, eventType, handler);
		},
		off: function(chart, eventType, handler)
		{
			chartFactory.chartSupport.sankeyOff(chart, eventType, handler);
		}
	}
}