{
	id: "org.datagear.chart.map.heatmap",
	nameLabel: { value: "地图热力图", localeValues: { "en": "Map heatmap" } },
	icons : "icon.png",
	dataSigns:
	[
		{
			name: "name",
			nameLabel: { value: "经度", localeValues: { "en": "Longitude" } },
			descLabel:
			{
				value: "热力图经度值",
				localeValues: { "en": "The longitude of heatmap chart" }
			},
			required: true,
			multiple: false
		},
		{
			name: "value",
			nameLabel: { value: "纬度", localeValues: { "en": "Latitude" } },
			descLabel:
			{
				value: "热力图纬度值",
				localeValues: { "en": "The latitude of heatmap chart" }
			},
			required: true,
			multiple: false
		},
		{
			name: "weight",
			nameLabel: { value: "热力值", localeValues: { "en": "Weight" } },
			descLabel:
			{
				value: "热力图热力数值",
				localeValues: { "en": "The heat weight of heatmap chart" }
			},
			required: true,
			multiple: false
		},
		{
			name: "map",
			nameLabel: { value: "地图名", localeValues: { "en": "Map" } },
			descLabel:
			{
				value: "图表使用的地图名冗余列，可不标记，主要用于支持地图随数据刷新的情况，第一个不为空的列值将用作地图名",
				localeValues: { "en": "The map name of map chart, sign is not required, used by chart that refresh map together with data, the first non-null column value will be used as map name" }
			},
			required: false,
			multiple: false
		}
	],
	version: "3.1.0",
	order: 865,
	category: "map",
	chartRenderer:
	{
		asyncRender: true,
		render: function(chart)
		{
			chartFactory.chartSupport.mapHeatmapRender(chart, "name", "value", "weight", "map");
		},
		asyncUpdate: true,
		update: function(chart, results)
		{
			chartFactory.chartSupport.mapHeatmapUpdate(chart, results);
		},
		resize: function(chart)
		{
			chartFactory.chartSupport.mapHeatmapResize(chart);
		},
		destroy: function(chart)
		{
			chartFactory.chartSupport.mapHeatmapDestroy(chart);
		},
		on: function(chart, eventType, handler)
		{
			chartFactory.chartSupport.mapHeatmapOn(chart, eventType, handler);
		},
		off: function(chart, eventType, handler)
		{
			chartFactory.chartSupport.mapHeatmapOff(chart, eventType, handler);
		}
	}
}