{
	id: "org.datagear.chart.map.scatter.ripple",
	nameLabel: { value: "涟漪地图散点图", localeValues: { "en": "Ripple map scatter" } },
	icons : "icon.png",
	dataSigns:
	[
		{
			name: "name",
			nameLabel: { value: "名称", localeValues: { "en": "Name" } },
			descLabel:
			{
				value: "指标名",
				localeValues: { "en": "Name" }
			},
			required: true,
			multiple: false
		},
		{
			name: "longitude",
			nameLabel: { value: "经度", localeValues: { "en": "Longitude" } },
			descLabel:
			{
				value: "经度值",
				localeValues: { "en": "Longitude" }
			},
			required: true,
			multiple: false
		},
		{
			name: "latitude",
			nameLabel: { value: "纬度", localeValues: { "en": "Latitude" } },
			descLabel:
			{
				value: "纬度值",
				localeValues: { "en": "Latitude" }
			},
			required: true,
			multiple: false
		},
		{
			name: "value",
			nameLabel: { value: "数值", localeValues: { "en": "Value" } },
			descLabel:
			{
				value: "可选标记，指标数值，数值越大散点尺寸越大",
				localeValues: { "en": "Value, optional" }
			},
			required: false,
			multiple: false
		},
		{
			name: "category",
			nameLabel: { value: "类别", localeValues: { "en": "Category" } },
			descLabel:
			{
				value: "可选标记，数据类别，不同类别的数据将被绘制为不同的系列",
				localeValues: { "en": "Optional, data category, data with the same category will be rendered as a series" }
			},
			required: false,
			multiple: false
		},
		{
			name: "map",
			nameLabel: { value: "地图名", localeValues: { "en": "Map" } },
			descLabel:
			{
				value: "可选标记，图表使用的地图名，用于支持地图随数据刷新的情况，第一个不为空的列值将用作地图名",
				localeValues: { "en": "Optional, the map name of map chart, used by chart that refresh map together with data, the first non-null column value will be used as map name" }
			},
			required: false,
			multiple: false
		}
	],
	version: "3.2.0",
	order: 815,
	categories: ["map", "scatter"],
	categoryOrders: [815, 540],
	chartRenderer:
	{
		asyncRender: true,
		render: function(chart)
		{
			chartFactory.chartSupport.mapScatterRippleRender(chart);
		},
		asyncUpdate: true,
		update: function(chart, results)
		{
			chartFactory.chartSupport.mapScatterRippleUpdate(chart, results);
		},
		resize: function(chart)
		{
			chartFactory.chartSupport.mapScatterRippleResize(chart);
		},
		destroy: function(chart)
		{
			chartFactory.chartSupport.mapScatterRippleDestroy(chart);
		},
		on: function(chart, eventType, handler)
		{
			chartFactory.chartSupport.mapScatterRippleOn(chart, eventType, handler);
		},
		off: function(chart, eventType, handler)
		{
			chartFactory.chartSupport.mapScatterRippleOff(chart, eventType, handler);
		}
	}
}