{
	id: "org.datagear.chart.liquidfill.rect",
	nameLabel: { value: "方形水球图V1", localeValues: { "en": "Rect liquidfill V1" } },
	descLabel: "内置echarts-liquidfill依赖库3.0.0版本",
	icons: "icon.png",
	dataSigns:
	[
		{
			name : "name",
			nameLabel: { value: "名称", localeValues: { "en": "Name" } },
			descLabel:
			{
				value: "可选标记，指标名，可标记多列，且应与【数值】列一一对应",
				localeValues: { "en": "Optional, name, can sign multiple columns, must be one-to-one with [Value]" }
			},
			required: false,
			multiple: true
		},
		{
			name : "value",
			nameLabel: { value: "数值", localeValues: { "en": "Value" } },
			descLabel:
			{
				value: "指标值，可标记多列，每个单元格值都绘制为一条水波",
				localeValues: { "en": "Value, can sign multiple columns" }
			},
			required: true,
			multiple: true
		}
	],
	dataSetRange: 1,
	version: "5.3.0",
	order: 4105,
	category: "liquidfill",
	author: "DataGear",
	platformVersion: "5.3.0+"
}