{
	id: "org.datagear.chart.liquidfill.rect",
	nameLabel: { value: "方形水球图", localeValues: { "en": "Rect liquidfill" } },
	icons: "icon.png",
	dataSigns:
	[
		{
			name : "name",
			nameLabel: { value: "名称", localeValues: { "en": "Name" } },
			descLabel:
			{
				value: "水球图指标名称，可不标记，或者标记多列，如果标记，则应与[数值]列一一对应",
				localeValues: { "en": "The indicator name of liquidfill chart, sign is not required, can sign multiple columns, must be one-to-one with [Value] column if signed" }
			},
			required: false,
			multiple: true
		},
		{
			name : "value",
			nameLabel: { value: "数值", localeValues: { "en": "Value" } },
			descLabel:
			{
				value: "水球图指标数值，应至少标记一列",
				localeValues: { "en": "The indicator value of liquidfill chart, must sign at least one column" }
			},
			required: true,
			multiple: true
		}
	],
	version: "2.2.0",
	order: 4105,
	category: "liquidfill",
	chartRenderer:
	{
		render: function(chart)
		{
			var options = { series: [{ shape: "rect" }] };
			chartFactory.chartSupport.liquidfillRender(chart, "name", "value", options);
		},
		update: function(chart, results)
		{
			chartFactory.chartSupport.liquidfillUpdate(chart, results);
		},
		resize: function(chart)
		{
			chartFactory.chartSupport.liquidfillResize(chart);
		},
		destroy: function(chart)
		{
			chartFactory.chartSupport.liquidfillDestroy(chart);
		},
		on: function(chart, eventType, handler)
		{
			chartFactory.chartSupport.liquidfillOn(chart, eventType, handler);
		},
		off: function(chart, eventType, handler)
		{
			chartFactory.chartSupport.liquidfillOff(chart, eventType, handler);
		}
	}
}