{
	id: "org.datagear.chart.map.scatter",
	nameLabel: { value: "地图散点图", localeValues: { "en": "Map scatter" } },
	icons : "icon.png",
	dataSigns:
	[
		{
			name: "name",
			nameLabel: { value: "指标名称", localeValues: { "en": "Name" } },
			descLabel:
			{
				value: "散点图指标名称",
				localeValues: { "en": "The scatter name of scatter map chart" }
			},
			required: true,
			multiple: false
		},
		{
			name: "longitude",
			nameLabel: { value: "经度", localeValues: { "en": "Longitude" } },
			descLabel:
			{
				value: "经度数值",
				localeValues: { "en": "The longitude of scatter map chart" }
			},
			required: true,
			multiple: false
		},
		{
			name: "latitude",
			nameLabel: { value: "纬度", localeValues: { "en": "Latitude" } },
			descLabel:
			{
				value: "纬度数值",
				localeValues: { "en": "The latitude of scatter map chart" }
			},
			required: true,
			multiple: false
		},
		{
			name: "value",
			nameLabel: { value: "指标数值", localeValues: { "en": "Value" } },
			descLabel:
			{
				value: "散点图指标数值，可不标记",
				localeValues: { "en": "The scatter value of scatter map chart, sign is not required" }
			},
			required: false,
			multiple: false
		},
		{
			name: "map",
			nameLabel: { value: "地图名", localeValues: { "en": "Map" } },
			descLabel:
			{
				value: "图表使用的地图名冗余列，可不标记，主要用于支持地图随数据刷新的情况，第一个不为空的列值将用作地图名",
				localeValues: { "en": "The map name of map chart, sign is not required, used by chart that refresh map together with data, the first non-null column value will be used as map name" }
			},
			required: false,
			multiple: false
		}
	],
	version: "2.10.0",
	order: 805,
	category: "map",
	chartRenderer:
	{
		asyncRender: true,
		render: function(chart)
		{
			chartFactory.chartSupport.mapScatterRender(chart, "name", "longitude", "latitude", "value", "map");
		},
		asyncUpdate: true,
		update: function(chart, results)
		{
			chartFactory.chartSupport.mapScatterUpdate(chart, results);
		},
		resize: function(chart)
		{
			chartFactory.chartSupport.mapScatterResize(chart);
		},
		destroy: function(chart)
		{
			chartFactory.chartSupport.mapScatterDestroy(chart);
		},
		on: function(chart, eventType, handler)
		{
			chartFactory.chartSupport.mapScatterOn(chart, eventType, handler);
		},
		off: function(chart, eventType, handler)
		{
			chartFactory.chartSupport.mapScatterOff(chart, eventType, handler);
		}
	}
}