{
	id: "org.datagear.chart.themeRiver",
	nameLabel: { value: "基本主题河流图", localeValues: { "en": "Basic theme river" } },
	icons: "icon.png",
	dataSigns:
	[
		{
			name: "name",
			nameLabel: { value: "名称", localeValues: { "en": "Name" } },
			descLabel:
			{
				value: "指标名称",
				localeValues: { "en": "Name" }
			},
			required: true,
			multiple: false
		},
		{
			name: "value",
			nameLabel: { value: "数值", localeValues: { "en": "Value" } },
			descLabel:
			{
				value: "指标数值，可标记多列，每一列都绘制为一条河流",
				localeValues: { "en": "Value, can sign multiple columns, each column will be rendered as a river" }
			},
			required: true,
			multiple: true
		},
		{
			name: "category",
			nameLabel: { value: "类别", localeValues: { "en": "Category" } },
			descLabel:
			{
				value: "可选，数据类别，不同类别的数据将被绘制为不同的系列，如果标记，【数值】仅支持标记单列",
				localeValues: { "en": "Optional, data category, data with the same category will be rendered as a series" }
			},
			required: false,
			multiple: false
		}
	],
	version: "3.2.0",
	order: 1700,
	category:
	{
		name: "themeRiver",
		nameLabel: { value: "主题河流图", localeValues: { "en": "Theme river" } },
		order: 1700
	},
	chartRenderer:
	{
		render: function(chart)
		{
			chartFactory.chartSupport.themeRiverRender(chart);
		},
		update: function(chart, results)
		{
			chartFactory.chartSupport.themeRiverUpdate(chart, results);
		},
		resize: function(chart)
		{
			chartFactory.chartSupport.themeRiverResize(chart);
		},
		destroy: function(chart)
		{
			chartFactory.chartSupport.themeRiverDestroy(chart);
		},
		on: function(chart, eventType, handler)
		{
			chartFactory.chartSupport.themeRiverOn(chart, eventType, handler);
		},
		off: function(chart, eventType, handler)
		{
			chartFactory.chartSupport.themeRiverOff(chart, eventType, handler);
		}
	}
}