{
	id: "org.datagear.chart.themeRiver",
	nameLabel: { value: "基本主题河流图", localeValues: { "en": "Basic theme river" } },
	icons: "icon.png",
	dataSigns:
	[
		{
			name: "name",
			nameLabel: { value: "名称", localeValues: { "en": "Name" } },
			descLabel:
			{
				value: "主题河流图横坐标，可以是数值、日期",
				localeValues: { "en": "The x axis value, may be number or date" }
			},
			required: true,
			multiple: false
		},
		{
			name: "value",
			nameLabel: { value: "数值", localeValues: { "en": "Value" } },
			descLabel:
			{
				value: "主题河流图宽度，必须是数值，可以标记多列，每一列都绘制为一条河流",
				localeValues: { "en": "The y axis value, must be number, can sign multiple columns, each column will be rendered as a river" }
			},
			required: true,
			multiple: true
		}
	],
	version: "3.2.0",
	order: 1700,
	category:
	{
		name: "themeRiver",
		nameLabel: { value: "主题河流图", localeValues: { "en": "Theme river" } },
		order: 1700
	},
	chartRenderer:
	{
		render: function(chart)
		{
			chartFactory.chartSupport.themeRiverRender(chart);
		},
		update: function(chart, results)
		{
			chartFactory.chartSupport.themeRiverUpdate(chart, results);
		},
		resize: function(chart)
		{
			chartFactory.chartSupport.themeRiverResize(chart);
		},
		destroy: function(chart)
		{
			chartFactory.chartSupport.themeRiverDestroy(chart);
		},
		on: function(chart, eventType, handler)
		{
			chartFactory.chartSupport.themeRiverOn(chart, eventType, handler);
		},
		off: function(chart, eventType, handler)
		{
			chartFactory.chartSupport.themeRiverOff(chart, eventType, handler);
		}
	}
}