{
	id: "org.datagear.chart.pictorialBar.h",
	nameLabel: { value: "横向象形柱图", localeValues: { "en": "Horizontal pictorial bar" } },
	icons: "icon.png",
	dataSigns:
	[
		{
			name: "name",
			nameLabel: { value: "名称", localeValues: { "en": "Name" } },
			descLabel:
			{
				value: "柱图纵坐标，可以是坐标数值、指标名称",
				localeValues: { "en": "The y axis value, may be number or text" }
			},
			required: true,
			multiple: false
		},
		{
			name: "value",
			nameLabel: { value: "数值", localeValues: { "en": "Value" } },
			descLabel:
			{
				value: "柱图横坐标，必须是数值，可以标记多列，每一列绘制为一条柱图",
				localeValues: { "en": "The x axis value, must be number, can sign multiple columns, each column will be rendered as a bar series" }
			},
			required: true,
			multiple: true
		}
	],
	version: "3.1.0",
	order: 1850,
	categories: "pictorialBar",
	chartRenderer:
	{
		render: function(chart)
		{
			var options = { dg: { pictorialBar: { horizontal: true } } };
			chartFactory.chartSupport.pictorialBarRender(chart, "name", "value", options);
		},
		update: function(chart, results)
		{
			chartFactory.chartSupport.pictorialBarUpdate(chart, results);
		},
		resize: function(chart)
		{
			chartFactory.chartSupport.pictorialBarResize(chart);
		},
		destroy: function(chart)
		{
			chartFactory.chartSupport.pictorialBarDestroy(chart);
		},
		on: function(chart, eventType, handler)
		{
			chartFactory.chartSupport.pictorialBarOn(chart, eventType, handler);
		},
		off: function(chart, eventType, handler)
		{
			chartFactory.chartSupport.pictorialBarOff(chart, eventType, handler);
		}
	}
}