{
	id: "org.datagear.chart.line",
	nameLabel: { value: "基本折线图", localeValues: { "en": "Basic line" } },
	icons: "icon.png",
	dataSigns:
	[
		{
			name: "name",
			nameLabel: { value: "名称", localeValues: { "en": "Name" } },
			descLabel:
			{
				value: "折线图横坐标，可以是坐标数值、指标名称",
				localeValues: { "en": "The x axis value of line chart, may be number or text" }
			},
			required: true,
			multiple: false
		},
		{
			name: "value",
			nameLabel: { value: "数值", localeValues: { "en": "Value" } },
			descLabel:
			{
				value: "折线图纵坐标，必须是数值，可以标记多列，每一列都绘制为一条折线",
				localeValues: { "en": "The y axis value of line chart, must be number, can sign multiple columns, each column will be rendered as a line series" }
			},
			required: true,
			multiple: true
		}
	],
	version: "2.11.0",
	order: 100,
	category:
	{
		name: "line",
		nameLabel: { value: "折线图", localeValues: { "en": "Line" } },
		order: 100
	},
	chartRenderer:
	{
		render: function(chart)
		{
			chartFactory.chartSupport.lineRender(chart, "name", "value");
		},
		update: function(chart, results)
		{
			chartFactory.chartSupport.lineUpdate(chart, results);
		},
		resize: function(chart)
		{
			chartFactory.chartSupport.lineResize(chart);
		},
		destroy: function(chart)
		{
			chartFactory.chartSupport.lineDestroy(chart);
		},
		on: function(chart, eventType, handler)
		{
			chartFactory.chartSupport.lineOn(chart, eventType, handler);
		},
		off: function(chart, eventType, handler)
		{
			chartFactory.chartSupport.lineOff(chart, eventType, handler);
		}
	}
}