{
	id : "org.datagear.chart.tree.tb",
	nameLabel: { value: "自上向下树图", localeValues: { "en": "Top to bottom tree" } },
	icons : "icon.png",
	dataSigns :
	[
		{
			name : "id",
			nameLabel: { value: "ID", localeValues: { "en": "ID" } },
			descLabel:
			{
				value: "可选标记，节点ID",
				localeValues: { "en": "Optional, node ID" }
			},
			required: false,
			multiple: false
		},
		{
			name : "name",
			nameLabel: { value: "名称", localeValues: { "en": "" } },
			descLabel:
			{
				value: "节点名",
				localeValues: { "en": "Node name" }
			},
			required: true,
			multiple: false
		},
		{
			name : "parent",
			nameLabel: { value: "父节点", localeValues: { "en": "Parent" } },
			descLabel:
			{
				value: "父节点标识，如果标记了ID列，则其值应是ID列值，否则，应是名称列值",
				localeValues: { "en": "Parent , must be signed on parent ID column if ID column is signed, must be signed on parent name column otherwise" }
			},
			required: true,
			multiple: false
		},
		{
			name : "value",
			nameLabel: { value: "数值", localeValues: { "en": "Value" } },
			descLabel:
			{
				value: "可选标记，节点值",
				localeValues: { "en": "Optional, node value" }
			},
			required: false,
			multiple: false
		}
	],
	dataSetRange: 1,
	version: "5.2.0",
	order : 1105,
	category: "tree",
	author: "DataGear",
	platformVersion: "5.2.0+"
}