{
	id: "org.datagear.chart.bar.polar.radius",
	nameLabel: { value: "径向柱状图", localeValues: { "en": "Radius bar" } },
	icons: "icon.png",
	dataSigns:
	[
		{
			name: "name",
			nameLabel: { value: "名称", localeValues: { "en": "Name" } },
			descLabel:
			{
				value: "径向柱状图的径向坐标，可以是坐标数值、指标名称",
				localeValues: { "en": "The radius axis value of radius bar chart, may be number or text" }
			},
			required: true,
			multiple: false
		},
		{
			name: "value",
			nameLabel: { value: "数值", localeValues: { "en": "Value" } },
			descLabel:
			{
				value: "径向柱状图角度值，必须是数值，可以标记多列，每一列绘制为一条径向柱图",
				localeValues: { "en": "The angle value of radius bar chart, must be number, can sign multiple columns, each column will be rendered as a bar series" }
			},
			required: true,
			multiple: true
		}
	],
	version: "2.1.0",
	order: 220,
	category: "bar",
	chartRenderer:
	{
		render: function(chart)
		{
			chartFactory.chartSupport.barPolarRender(chart, "name", "value");
		},
		update: function(chart, results)
		{
			chartFactory.chartSupport.barPolarUpdate(chart, results);
		},
		resize: function(chart)
		{
			chartFactory.chartSupport.barPolarResize(chart);
		},
		destroy: function(chart)
		{
			chartFactory.chartSupport.barPolarDestroy(chart);
		},
		on: function(chart, eventType, handler)
		{
			chartFactory.chartSupport.barPolarOn(chart, eventType, handler);
		},
		off: function(chart, eventType, handler)
		{
			chartFactory.chartSupport.barPolarOff(chart, eventType, handler);
		}
	}
}