{
	id: "org.datagear.chart.bar.polar.radius.stack",
	nameLabel: { value: "堆叠径向柱状图", localeValues: { "en": "Stack radius bar" } },
	descLabel: "堆叠径向柱状图应至少包含一个标记【类别】的数据集，或者至少包含一个标记多【数值】的数据集，或者至少包含两个没有标记【类别】、标记单【数值】的数据集",
	icons: "icon.png",
	dataSigns:
	[
		{
			name: "name",
			nameLabel: { value: "名称", localeValues: { "en": "Name" } },
			descLabel:
			{
				value: "指标名",
				localeValues: { "en": "Name" }
			},
			required: true,
			multiple: false
		},
		{
			name: "value",
			nameLabel: { value: "数值", localeValues: { "en": "Value" } },
			descLabel:
			{
				value: "指标值，可标记多列，每一列都绘制为一个图表系列",
				localeValues: { "en": "Value, can sign multiple columns, each will be rendered as a series" }
			},
			required: true,
			multiple: true
		},
		{
			name: "category",
			nameLabel: { value: "类别", localeValues: { "en": "Category" } },
			descLabel:
			{
				value: "可选标记，数据类别，不同类别的数据将被绘制为不同的系列，如果标记，【数值】仅支持标记单列",
				localeValues: { "en": "Optional, Data category, data with the same category will be rendered as a series" }
			},
			required: false,
			multiple: false
		}
	],
	dataSetRange: 1,
	version: "4.3.0",
	order: 230,
	category: "bar",
	chartRenderer:
	{
		render: function(chart)
		{
			var options={ dg: { stack: true } };
			chartFactory.chartSupport.barPolarRender(chart, options);
		},
		update: function(chart, results)
		{
			chartFactory.chartSupport.barPolarUpdate(chart, results);
		},
		resize: function(chart)
		{
			chartFactory.chartSupport.barPolarResize(chart);
		},
		destroy: function(chart)
		{
			chartFactory.chartSupport.barPolarDestroy(chart);
		},
		on: function(chart, eventType, handler)
		{
			chartFactory.chartSupport.barPolarOn(chart, eventType, handler);
		},
		off: function(chart, eventType, handler)
		{
			chartFactory.chartSupport.barPolarOff(chart, eventType, handler);
		}
	}
}