{
	id: "org.datagear.chart.label.valueFirst",
	nameLabel: { value: "值前置标签卡", localeValues: { "en": "Value first label" } },
	icons: "icon.png",
	dataSigns:
	[
		{
			name : "name",
			nameLabel: { value: "标签名", localeValues: { "en": "Name" } },
			descLabel:
			{
				value: "可选标记，标签名",
				localeValues: { "en": "Optional, label name" }
			},
			required: false,
			multiple: true
		},
		{
			name : "value",
			nameLabel: { value: "标签值", localeValues: { "en": "Value" } },
			descLabel:
			{
				value: "标签值，可标记多列，每一列都绘制为一个标签值",
				localeValues: { "en": "Label value, can sign multiple columns, each column will be rendered as a label value" }
			},
			required: true,
			multiple: true
		}
	],
	dataSetRange: 1,
	version: "4.3.0",
	order: 9005,
	category: "label",
	chartRenderer:
	{
		render: function(chart)
		{
			var options={ valueFirst: true };
			chartFactory.chartSupport.labelRender(chart, options);
		},
		update: function(chart, results)
		{
			chartFactory.chartSupport.labelUpdate(chart, results);
		},
		resize: function(chart)
		{
			chartFactory.chartSupport.labelResize(chart);
		},
		destroy: function(chart)
		{
			chartFactory.chartSupport.labelDestroy(chart);
		},
		on: function(chart, eventType, handler)
		{
			chartFactory.chartSupport.labelOn(chart, eventType, handler);
		},
		off: function(chart, eventType, handler)
		{
			chartFactory.chartSupport.labelOff(chart, eventType, handler);
		}
	}
}