{
	id: "org.datagear.chart.label.valueFirst",
	nameLabel: { value: "值前置标签卡", localeValues: { "en": "Value first label" } },
	icons: "icon.png",
	dataSigns:
	[
		{
			name : "name",
			nameLabel: { value: "标签名", localeValues: { "en": "Name" } },
			descLabel:
			{
				value: "可选标记，标签名",
				localeValues: { "en": "Optional, label name" }
			},
			required: false,
			multiple: true
		},
		{
			name : "value",
			nameLabel: { value: "标签值", localeValues: { "en": "Value" } },
			descLabel:
			{
				value: "标签值，可标记多列，每一列都绘制为一个标签值",
				localeValues: { "en": "Label value, can sign multiple columns, each column will be rendered as a label value" }
			},
			required: true,
			multiple: true
		}
	],
	dataSetRange: 1,
	version: "5.2.0",
	order: 9005,
	category: "label",
	author: "DataGear",
	platformVersion: "5.2.0+"
}