{
	id: "org.datagear.chart.funnel",
	nameLabel: { value: "基本漏斗图", localeValues: { "en": "Basic funnel" } },
	icons: "icon.png",
	dataSigns:
	[
		{
			name: "name",
			nameLabel: { value: "名称", localeValues: { "en": "Name" } },
			descLabel:
			{
				value: "指标名",
				localeValues: { "en": "Name" }
			},
			required: true,
			multiple: false
		},
		{
			name: "value",
			nameLabel: { value: "数值", localeValues: { "en": "Value" } },
			descLabel:
			{
				value: "指标值",
				localeValues: { "en": "Value" }
			},
			required: true,
			multiple: false
		}
	],
	dataSetRange: 1,
	version: "5.2.0",
	order: 700,
	category:
	{
		name: "funnel",
		nameLabel: { value: "漏斗图", localeValues: { "en": "Funnel" } },
		order: 700
	},
	author: "DataGear"
}