{
	id: "org.datagear.chart.funnel",
	nameLabel: { value: "基本漏斗图", localeValues: { "en": "Basic funnel" } },
	icons: "icon.png",
	dataSigns:
	[
		{
			name: "name",
			nameLabel: { value: "名称", localeValues: { "en": "Name" } },
			descLabel:
			{
				value: "漏斗图层级名称",
				localeValues: { "en": "The hierarchy name of funnel chart" }
			},
			required: true,
			multiple: false
		},
		{
			name: "value",
			nameLabel: { value: "数值", localeValues: { "en": "Value" } },
			descLabel:
			{
				value: "漏斗图层级数值",
				localeValues: { "en": "The hierarchy value of funnel chart" }
			},
			required: true,
			multiple: false
		}
	],
	version: "2.1.0",
	order: 700,
	category:
	{
		name: "funnel",
		nameLabel: { value: "漏斗图", localeValues: { "en": "Funnel" } },
		order: 700
	},
	chartRenderer:
	{
		render: function(chart)
		{
			chartFactory.chartSupport.funnelRender(chart, "name", "value");
		},
		update: function(chart, results)
		{
			chartFactory.chartSupport.funnelUpdate(chart, results);
		},
		resize: function(chart)
		{
			chartFactory.chartSupport.funnelResize(chart);
		},
		destroy: function(chart)
		{
			chartFactory.chartSupport.funnelDestroy(chart);
		},
		on: function(chart, eventType, handler)
		{
			chartFactory.chartSupport.funnelOn(chart, eventType, handler);
		},
		off: function(chart, eventType, handler)
		{
			chartFactory.chartSupport.funnelOff(chart, eventType, handler);
		}
	}
}