{
	id : "org.datagear.chart.bar.stack",
	nameLabel: { value: "堆叠柱状图", localeValues: { "en": "Stack bar" } },
	icons : "icon.png",
	dataSigns :
	[
		{
			name: "name",
			nameLabel: { value: "名称", localeValues: { "en": "Name" } },
			descLabel:
			{
				value: "柱状图横坐标，可以是坐标数值、指标名称",
				localeValues: { "en": "The x axis value of bar chart, may be number or text" }
			},
			required: true,
			multiple: false
		},
		{
			name: "value",
			nameLabel: { value: "数值", localeValues: { "en": "Value" } },
			descLabel:
			{
				value: "柱状图纵坐标，必须是数值，可以标记多列，每一列绘制为同坐标的一段堆叠柱图",
				localeValues: { "en": "The y axis value of bar chart, must be number, can sign multiple columns, each column will be rendered as stack segment of a bar series" }
			},
			required: true,
			multiple: true
		}
	],
	version: "3.2.0",
	order : 210,
	category: "bar",
	chartRenderer:
	{
		render: function(chart)
		{
			var options={ dgStack: true };
			chartFactory.chartSupport.barRender(chart, "name", "value", options);
		},
		update: function(chart, results)
		{
			chartFactory.chartSupport.barUpdate(chart, results);
		},
		resize: function(chart)
		{
			chartFactory.chartSupport.barResize(chart);
		},
		destroy: function(chart)
		{
			chartFactory.chartSupport.barDestroy(chart);
		},
		on: function(chart, eventType, handler)
		{
			chartFactory.chartSupport.barOn(chart, eventType, handler);
		},
		off: function(chart, eventType, handler)
		{
			chartFactory.chartSupport.barOff(chart, eventType, handler);
		}
	}
}