{
	id: "org.datagear.chart.liquidfill",
	nameLabel: { value: "基本水球图", localeValues: { "en": "Basic liquidfill" } },
	icons: "icon.png",
	dataSigns:
	[
		{
			name : "name",
			nameLabel: { value: "名称", localeValues: { "en": "Name" } },
			descLabel:
			{
				value: "可选标记，指标名，可标记多列，且应与【数值】列一一对应",
				localeValues: { "en": "Optional, name, can sign multiple columns, must be one-to-one with [Value]" }
			},
			required: false,
			multiple: true
		},
		{
			name : "value",
			nameLabel: { value: "数值", localeValues: { "en": "Value" } },
			descLabel:
			{
				value: "指标值，可标记多列，每个单元格值都绘制为一条水波",
				localeValues: { "en": "Value, can sign multiple columns" }
			},
			required: true,
			multiple: true
		}
	],
	version: "3.2.0",
	order: 4100,
	category:
	{
		name: "liquidfill",
		nameLabel: { value: "水球图", localeValues: { "en": "Liquidfill" } },
		order: 4100
	},
	chartRenderer:
	{
		render: function(chart)
		{
			chartFactory.chartSupport.liquidfillRender(chart);
		},
		update: function(chart, results)
		{
			chartFactory.chartSupport.liquidfillUpdate(chart, results);
		},
		resize: function(chart)
		{
			chartFactory.chartSupport.liquidfillResize(chart);
		},
		destroy: function(chart)
		{
			chartFactory.chartSupport.liquidfillDestroy(chart);
		},
		on: function(chart, eventType, handler)
		{
			chartFactory.chartSupport.liquidfillOn(chart, eventType, handler);
		},
		off: function(chart, eventType, handler)
		{
			chartFactory.chartSupport.liquidfillOff(chart, eventType, handler);
		}
	}
}