{
	id: "org.datagear.chart.map",
	nameLabel: { value: "基本地图", localeValues: { "en": "Basic map" } },
	icons: "icon.png",
	dataSigns:
	[
		{
			name: "name",
			nameLabel: { value: "名称", localeValues: { "en": "Name" } },
			descLabel:
			{
				value: "指标名，应与地图中的地区名对应",
				localeValues: { "en": "Name, must be the same with geograhical name in map" }
			},
			required: true,
			multiple: false
		},
		{
			name: "value",
			nameLabel: { value: "数值", localeValues: { "en": "Value" } },
			descLabel:
			{
				value: "指标值",
				localeValues: { "en": "Value" }
			},
			required: true,
			multiple: false
		},
		{
			name: "map",
			nameLabel: { value: "地图名", localeValues: { "en": "Map" } },
			descLabel:
			{
				value: "可选标记，图表使用的地图名，用于支持地图随数据刷新的情况，第一个不为空的列值将用作地图名",
				localeValues: { "en": "Optional, the map name of map chart, used by chart that refresh map together with data, the first non-null column value will be used as map name" }
			},
			required: false,
			multiple: false
		}
	],
	version: "3.2.0",
	order: 800,
	category:
	{
		name: "map",
		nameLabel: { value: "地图", localeValues: { "en": "Map" } },
		order: 800
	},
	chartRenderer:
	{
		asyncRender: true,
		render: function(chart)
		{
			chartFactory.chartSupport.mapRender(chart);
		},
		asyncUpdate: true,
		update: function(chart, results)
		{
			chartFactory.chartSupport.mapUpdate(chart, results);
		},
		resize: function(chart)
		{
			chartFactory.chartSupport.mapResize(chart);
		},
		destroy: function(chart)
		{
			chartFactory.chartSupport.mapDestroy(chart);
		},
		on: function(chart, eventType, handler)
		{
			chartFactory.chartSupport.mapOn(chart, eventType, handler);
		},
		off: function(chart, eventType, handler)
		{
			chartFactory.chartSupport.mapOff(chart, eventType, handler);
		}
	}
}