{
	id: "org.datagear.chart.wordcloud",
	nameLabel: { value: "基本词云图V1", localeValues: { "en": "Basic wordcloud V1" } },
	descLabel: "内置echarts-wordcloud依赖库2.0.0版本",
	icons: "icon.png",
	dataSigns:
	[
		{
			name : "name",
			nameLabel: { value: "名称", localeValues: { "en": "Name" } },
			descLabel:
			{
				value: "指标名",
				localeValues: { "en": "Name" }
			},
			required: true,
			multiple: false
		},
		{
			name : "value",
			nameLabel: { value: "数值", localeValues: { "en": "Value" } },
			descLabel:
			{
				value: "指标值，数值越大节点颜色越深",
				localeValues: { "en": "Value, rendered as word color" }
			},
			required: true,
			multiple: false
		}
	],
	dataSetRange: 1,
	version: "5.3.0",
	order: 4000,
	category:
	{
		name: "wordcloud",
		nameLabel: { value: "词云图", localeValues: { "en": "Wordcloud" } },
		order: 4000
	},
	author: "DataGear",
	platformVersion: "5.3.0+"
}