{
	id: "org.datagear.chart.wordcloud",
	nameLabel: { value: "基本词云图", localeValues: { "en": "Basic wordcloud" } },
	icons: "icon.png",
	dataSigns:
	[
		{
			name : "name",
			nameLabel: { value: "名称", localeValues: { "en": "Name" } },
			descLabel:
			{
				value: "词云图词语内容",
				localeValues: { "en": "The word of wordcloud chart" }
			},
			required: true,
			multiple: false
		},
		{
			name : "value",
			nameLabel: { value: "数值", localeValues: { "en": "Value" } },
			descLabel:
			{
				value: "词云图词语权重数值，绘制为词语颜色",
				localeValues: { "en": "The word weight of wordcloud chart, rendered as word color" }
			},
			required: true,
			multiple: false
		}
	],
	version: "3.2.0",
	order: 4000,
	category:
	{
		name: "wordcloud",
		nameLabel: { value: "词云图", localeValues: { "en": "Wordcloud" } },
		order: 4000
	},
	chartRenderer:
	{
		render: function(chart)
		{
			chartFactory.chartSupport.wordcloudRender(chart, "name", "value");
		},
		update: function(chart, results)
		{
			chartFactory.chartSupport.wordcloudUpdate(chart, results);
		},
		resize: function(chart)
		{
			chartFactory.chartSupport.wordcloudResize(chart);
		},
		destroy: function(chart)
		{
			chartFactory.chartSupport.wordcloudDestroy(chart);
		},
		on: function(chart, eventType, handler)
		{
			chartFactory.chartSupport.wordcloudOn(chart, eventType, handler);
		},
		off: function(chart, eventType, handler)
		{
			chartFactory.chartSupport.wordcloudOff(chart, eventType, handler);
		}
	}
}