{
	id: "org.datagear.chart.parallel.smooth",
	nameLabel: { value: "平滑平行坐标系图", localeValues: { "en": "Smooth parallel" } },
	icons: "icon.png",
	dataSigns:
	[
		{
			name: "name",
			nameLabel: { value: "名称", localeValues: { "en": "Name" } },
			descLabel:
			{
				value: "可选标记，指标名",
				localeValues: { "en": "Optional, name" }
			},
			required: false,
			multiple: false
		},
		{
			name: "value",
			nameLabel: { value: "数值", localeValues: { "en": "Value" } },
			descLabel:
			{
				value: "指标值，可标记多列，每一列都绘制为一条坐标轴，相同别名的数值列将绘制于同一坐标轴（跨数据集）",
				localeValues: { "en": "Value, can sign multiple columns" }
			},
			required: true,
			multiple: true
		},
		{
			name: "category",
			nameLabel: { value: "类别", localeValues: { "en": "Category" } },
			descLabel:
			{
				value: "可选标记，数据类别，不同类别的数据将被绘制为不同的系列",
				localeValues: { "en": "Optional, data category, data with the same category will be rendered as a series" }
			},
			required: false,
			multiple: false
		}
	],
	dataSetRange: 1,
	version: "5.2.0",
	order: 1610,
	category: "Parallel",
	author: "DataGear",
	platformVersion: "5.2.0+"
}