{
	id: "org.datagear.chart.parallel.smooth",
	nameLabel: { value: "平滑平行坐标系图", localeValues: { "en": "Smooth parallel" } },
	icons: "icon.png",
	dataSigns:
	[
		{
			name: "name",
			nameLabel: { value: "名称", localeValues: { "en": "Name" } },
			descLabel:
			{
				value: "平行坐标系指标名称，可不标记",
				localeValues: { "en": "The item name of parallel chart, sign is not required" }
			},
			required: false,
			multiple: false
		},
		{
			name: "value",
			nameLabel: { value: "数值", localeValues: { "en": "Value" } },
			descLabel:
			{
				value: "平行坐标系指标值，可以是数值或字符串，可以标记多列，每一列都绘制为一条坐标轴，相同别名的数值列将绘制于同一坐标轴（跨数据集）",
				localeValues: { "en": "The item value of parallel chart, can be number or text, can sign multiple columns" }
			},
			required: true,
			multiple: true
		},
		{
			name: "category",
			nameLabel: { value: "类别", localeValues: { "en": "Category" } },
			descLabel:
			{
				value: "平行坐标系指标类别，可不标记，相同类别的数据将被绘制到一个系列中",
				localeValues: { "en": "The category of parallel chart, sign is not required, data with the same category will be treated as a series" }
			},
			required: false,
			multiple: false
		}
	],
	version: "3.2.0",
	order: 1610,
	category: "Parallel",
	chartRenderer:
	{
		render: function(chart)
		{
			var options = {dg: {smooth: true}};
			chartFactory.chartSupport.parallelRender(chart, options);
		},
		update: function(chart, results)
		{
			chartFactory.chartSupport.parallelUpdate(chart, results);
		},
		resize: function(chart)
		{
			chartFactory.chartSupport.parallelResize(chart);
		},
		destroy: function(chart)
		{
			chartFactory.chartSupport.parallelDestroy(chart);
		},
		on: function(chart, eventType, handler)
		{
			chartFactory.chartSupport.parallelOn(chart, eventType, handler);
		},
		off: function(chart, eventType, handler)
		{
			chartFactory.chartSupport.parallelOff(chart, eventType, handler);
		}
	}
}