{
	id: "org.datagear.chart.gauge",
	nameLabel: { value: "基本仪表盘", localeValues: { "en": "Basic gauge" } },
	icons: "icon.png",
	dataSigns:
	[
		{
			name: "value",
			nameLabel: { value: "数值", localeValues: { "en": "Value" } },
			descLabel:
			{
				value: "仪表盘数值",
				localeValues: { "en": "The value of gauge chart" }
			},
			required: true,
			multiple: false
		},
		{
			name: "min",
			nameLabel: { value: "最小值", localeValues: { "en": "Min" } },
			descLabel:
			{
				value: "仪表盘最小数值，可不标记，默认为0",
				localeValues: { "en": "The min value of gauge chart, sign is not required, default value is: 0" }
			},
			required: false,
			multiple: false
		},
		{
			name: "max",
			nameLabel: { value: "最大值", localeValues: { "en": "Max" } },
			descLabel:
			{
				value: "仪表盘最大数值，可不标记，默认为100",
				localeValues: { "en": "The max value of gauge chart, sign is not required, default value is: 100" }
			},
			required: false,
			multiple: false
		}
	],
	version: "2.1.0",
	order: 400,
	category:
	{
		name: "gauge",
		nameLabel: { value: "仪表盘", localeValues: { "en": "Gauge" } },
		order: 400
	},
	chartRenderer:
	{
		render : function(chart)
		{
			chartFactory.chartSupport.gaugeRender(chart, "value", "min", "max");
		},
		update : function(chart, results)
		{
			chartFactory.chartSupport.gaugeUpdate(chart, results);
		},
		resize: function(chart)
		{
			chartFactory.chartSupport.gaugeResize(chart);
		},
		destroy: function(chart)
		{
			chartFactory.chartSupport.gaugeDestroy(chart);
		},
		on: function(chart, eventType, handler)
		{
			chartFactory.chartSupport.gaugeOn(chart, eventType, handler);
		},
		off: function(chart, eventType, handler)
		{
			chartFactory.chartSupport.gaugeOff(chart, eventType, handler);
		}
	}
}