{
	id: "org.datagear.chart.gauge",
	nameLabel: { value: "基本仪表盘", localeValues: { "en": "Basic gauge" } },
	icons: "icon.png",
	dataSigns:
	[
		{
			name: "value",
			nameLabel: { value: "数值", localeValues: { "en": "Value" } },
			descLabel:
			{
				value: "指标值，可标记多列，每一单元格都绘制为一个指标值",
				localeValues: { "en": "Value, can sign multiple columns" }
			},
			required: true,
			multiple: true
		},
		{
			name: "min",
			nameLabel: { value: "最小值", localeValues: { "en": "Min" } },
			descLabel:
			{
				value: "可选标记，最小值，默认为：0",
				localeValues: { "en": "Optional, min value, default is: 0" }
			},
			required: false,
			multiple: false
		},
		{
			name: "max",
			nameLabel: { value: "最大值", localeValues: { "en": "Max" } },
			descLabel:
			{
				value: "可选标记，最大值，默认为：100",
				localeValues: { "en": "Optional, max value, default is: 100" }
			},
			required: false,
			multiple: false
		}
	],
	dataSetRange: 1,
	version: "5.2.0",
	order: 400,
	category:
	{
		name: "gauge",
		nameLabel: { value: "仪表盘", localeValues: { "en": "Gauge" } },
		order: 400
	},
	author: "DataGear",
	platformVersion: "5.2.0+"
}